timeStamp,elapsed,label,responseCode,responseMessage,threadName,dataType,success,failureMessage,bytes,sentBytes,grpThreads,allThreads,URL,Latency,IdleTime,Connect
1.71406E+12,60,elements/generate_204-1,204,No Content,Thread Group 1-1,,FALSE,"The result was the wrong size: It was 127 bytes, but should have been greater or equal to 500 bytes.",127,310,5,5,http://www.gstatic.com/generate_204,0,0,39
1.71406E+12,37,elements/generate_204-1,204,No Content,Thread Group 1-2,,FALSE,"The result was the wrong size: It was 127 bytes, but should have been greater or equal to 500 bytes.",127,310,6,6,http://www.gstatic.com/generate_204,0,0,17
1.71406E+12,32,elements/generate_204-1,204,No Content,Thread Group 1-3,,FALSE,"The result was the wrong size: It was 127 bytes, but should have been greater or equal to 500 bytes.",127,310,7,7,http://www.gstatic.com/generate_204,0,0,16
1.71406E+12,38,elements/generate_204-1,204,No Content,Thread Group 1-4,,FALSE,"The result was the wrong size: It was 127 bytes, but should have been greater or equal to 500 bytes.",127,310,8,8,http://www.gstatic.com/generate_204,0,0,15
1.71406E+12,32,elements/generate_204-1,204,No Content,Thread Group 1-5,,FALSE,"The result was the wrong size: It was 127 bytes, but should have been greater or equal to 500 bytes.",127,310,8,8,http://www.gstatic.com/generate_204,0,0,15
1.71406E+12,33,elements/generate_204-1,204,No Content,Thread Group 1-6,,FALSE,"The result was the wrong size: It was 127 bytes, but should have been greater or equal to 500 bytes.",127,310,10,10,http://www.gstatic.com/generate_204,0,0,17
1.71406E+12,34,elements/generate_204-1,204,No Content,Thread Group 1-7,,FALSE,"The result was the wrong size: It was 127 bytes, but should have been greater or equal to 500 bytes.",127,310,10,10,http://www.gstatic.com/generate_204,0,0,15
1.71406E+12,36,elements/generate_204-1,204,No Content,Thread Group 1-8,,FALSE,"The result was the wrong size: It was 127 bytes, but should have been greater or equal to 500 bytes.",127,310,10,10,http://www.gstatic.com/generate_204,0,0,15
1.71406E+12,50,elements/generate_204-1,204,No Content,Thread Group 1-9,,FALSE,"The result was the wrong size: It was 127 bytes, but should have been greater or equal to 500 bytes.",127,310,10,10,http://www.gstatic.com/generate_204,0,0,17
1.71406E+12,41,elements/generate_204-1,204,No Content,Thread Group 1-10,,FALSE,"The result was the wrong size: It was 127 bytes, but should have been greater or equal to 500 bytes.",127,310,10,10,http://www.gstatic.com/generate_204,0,0,17
1.71406E+12,759,elements/-2,200,OK,Thread Group 1-2,text,TRUE,,1939,686,10,10,https://demoqa.com/,756,0,568
1.71406E+12,802,elements/-2,200,OK,Thread Group 1-1,text,TRUE,,1939,686,10,10,https://demoqa.com/,799,0,611
1.71406E+12,575,elements/-2,200,OK,Thread Group 1-5,text,TRUE,,1939,686,10,10,https://demoqa.com/,573,0,384
1.71406E+12,561,elements/-2,200,OK,Thread Group 1-4,text,TRUE,,1939,686,10,10,https://demoqa.com/,558,0,370
1.71406E+12,662,elements/-2,200,OK,Thread Group 1-3,text,TRUE,,1939,686,10,10,https://demoqa.com/,659,0,472
1.71406E+12,543,elements/-2,200,OK,Thread Group 1-6,text,TRUE,,1939,686,10,10,https://demoqa.com/,543,0,365
1.71406E+12,549,elements/-2,200,OK,Thread Group 1-7,text,TRUE,,1939,686,10,10,https://demoqa.com/,549,0,375
1.71406E+12,541,elements/-2,200,OK,Thread Group 1-8,text,TRUE,,1939,686,10,10,https://demoqa.com/,541,0,365
1.71406E+12,531,elements/-2,200,OK,Thread Group 1-9,text,TRUE,,1939,686,10,10,https://demoqa.com/,531,0,357
1.71406E+12,533,elements/-2,200,OK,Thread Group 1-10,text,TRUE,,1939,686,10,10,https://demoqa.com/,533,0,361
1.71406E+12,540,elements/main.css-3,200,OK,Thread Group 1-3,text,TRUE,,54914,534,10,10,https://demoqa.com/main.css,367,0,0
1.71406E+12,540,elements/main.css-3,200,OK,Thread Group 1-2,text,TRUE,,54914,534,10,10,https://demoqa.com/main.css,364,0,0
1.71406E+12,531,elements/main.css-3,200,OK,Thread Group 1-1,text,TRUE,,54914,534,10,10,https://demoqa.com/main.css,353,0,0
1.71406E+12,514,elements/main.css-3,200,OK,Thread Group 1-4,text,TRUE,,54914,534,10,10,https://demoqa.com/main.css,344,0,0
1.71406E+12,518,elements/main.css-3,200,OK,Thread Group 1-5,text,TRUE,,54914,534,10,10,https://demoqa.com/main.css,345,0,0
1.71406E+12,519,elements/main.css-3,200,OK,Thread Group 1-6,text,TRUE,,54914,534,10,10,https://demoqa.com/main.css,347,0,0
1.71406E+12,507,elements/main.css-3,200,OK,Thread Group 1-7,text,TRUE,,54914,534,10,10,https://demoqa.com/main.css,338,0,0
1.71406E+12,539,elements/main.css-3,200,OK,Thread Group 1-8,text,TRUE,,54914,534,10,10,https://demoqa.com/main.css,366,0,0
1.71406E+12,510,elements/main.css-3,200,OK,Thread Group 1-9,text,TRUE,,54914,534,10,10,https://demoqa.com/main.css,341,0,0
1.71406E+12,519,elements/main.css-3,200,OK,Thread Group 1-10,text,TRUE,,54914,534,10,10,https://demoqa.com/main.css,349,0,0
1.71406E+12,1243,elements/bundle.js-4,200,OK,Thread Group 1-2,text,TRUE,,826076,521,10,10,https://demoqa.com/bundle.js,194,0,0
1.71406E+12,1626,elements/bundle.js-4,200,OK,Thread Group 1-4,text,TRUE,,826076,521,10,10,https://demoqa.com/bundle.js,186,0,0
1.71406E+12,217,elements/favicon.ico-5,200,OK,Thread Group 1-2,text,TRUE,,1939,583,10,10,https://demoqa.com/favicon.ico,217,0,0
1.71406E+12,2053,elements/bundle.js-4,200,OK,Thread Group 1-1,text,TRUE,,826076,521,10,10,https://demoqa.com/bundle.js,188,0,0
1.71406E+12,184,elements/favicon.ico-5,200,OK,Thread Group 1-4,text,TRUE,,1939,583,10,10,https://demoqa.com/favicon.ico,183,0,0
1.71406E+12,205,elements/-6,200,OK,Thread Group 1-2,text,TRUE,,1939,686,10,10,https://demoqa.com/,205,0,0
1.71406E+12,606,elements/favicon.ico-5,200,OK,Thread Group 1-1,text,TRUE,,1939,583,10,10,https://demoqa.com/favicon.ico,606,0,0
1.71406E+12,481,elements/-6,200,OK,Thread Group 1-4,text,TRUE,,1939,686,10,10,https://demoqa.com/,481,0,0
1.71406E+12,536,elements/main.css-7,200,OK,Thread Group 1-2,text,TRUE,,54914,534,10,10,https://demoqa.com/main.css,290,0,0
1.71406E+12,194,elements/-6,200,OK,Thread Group 1-1,text,TRUE,,1939,686,10,10,https://demoqa.com/,194,0,0
1.71406E+12,440,elements/main.css-7,200,OK,Thread Group 1-4,text,TRUE,,54914,534,10,10,https://demoqa.com/main.css,234,0,0
1.71406E+12,3934,elements/bundle.js-4,200,OK,Thread Group 1-9,text,TRUE,,826076,521,10,10,https://demoqa.com/bundle.js,214,0,0
1.71406E+12,595,elements/main.css-7,200,OK,Thread Group 1-1,text,TRUE,,54914,534,10,10,https://demoqa.com/main.css,217,0,0
1.71406E+12,4177,elements/bundle.js-4,200,OK,Thread Group 1-8,text,TRUE,,826076,521,10,10,https://demoqa.com/bundle.js,234,0,0
1.71406E+12,4673,elements/bundle.js-4,200,OK,Thread Group 1-5,text,TRUE,,826076,521,10,10,https://demoqa.com/bundle.js,186,0,0
1.71406E+12,4242,elements/bundle.js-4,200,OK,Thread Group 1-10,text,TRUE,,826076,521,10,10,https://demoqa.com/bundle.js,195,0,0
1.71406E+12,190,elements/favicon.ico-5,200,OK,Thread Group 1-9,text,TRUE,,1939,583,10,10,https://demoqa.com/favicon.ico,189,0,0
1.71406E+12,4905,elements/bundle.js-4,200,OK,Thread Group 1-3,text,TRUE,,826076,521,10,10,https://demoqa.com/bundle.js,179,0,0
1.71406E+12,180,elements/favicon.ico-5,200,OK,Thread Group 1-8,text,TRUE,,1939,583,10,10,https://demoqa.com/favicon.ico,180,0,0
1.71406E+12,1631,elements/bundle.js-8,200,OK,Thread Group 1-2,text,TRUE,,826076,521,10,10,https://demoqa.com/bundle.js,181,0,0
1.71406E+12,175,elements/favicon.ico-5,200,OK,Thread Group 1-5,text,TRUE,,1939,583,10,10,https://demoqa.com/favicon.ico,175,0,0
1.71406E+12,235,elements/favicon.ico-5,200,OK,Thread Group 1-10,text,TRUE,,1939,583,10,10,https://demoqa.com/favicon.ico,234,0,0
1.71406E+12,194,elements/-6,200,OK,Thread Group 1-9,text,TRUE,,1939,686,10,10,https://demoqa.com/,194,0,0
1.71406E+12,178,elements/favicon.ico-5,200,OK,Thread Group 1-3,text,TRUE,,1939,583,10,10,https://demoqa.com/favicon.ico,178,0,0
1.71406E+12,244,elements/-6,200,OK,Thread Group 1-8,text,TRUE,,1939,686,10,10,https://demoqa.com/,243,0,0
1.71406E+12,190,elements/images/Toolsqa.jpg-9,200,OK,Thread Group 1-2,bin,TRUE,,7545,590,10,10,https://demoqa.com/images/Toolsqa.jpg,189,0,0
1.71406E+12,173,elements/-6,200,OK,Thread Group 1-5,text,TRUE,,1939,686,10,10,https://demoqa.com/,173,0,0
1.71406E+12,211,elements/-6,200,OK,Thread Group 1-10,text,TRUE,,1939,686,10,10,https://demoqa.com/,211,0,0
1.71406E+12,1700,elements/bundle.js-8,200,OK,Thread Group 1-4,text,TRUE,,826076,521,10,10,https://demoqa.com/bundle.js,241,0,0
1.71406E+12,199,elements/main.css-7,200,OK,Thread Group 1-9,text,TRUE,,54914,534,10,10,https://demoqa.com/main.css,197,0,0
1.71406E+12,252,elements/-6,200,OK,Thread Group 1-3,text,TRUE,,1939,686,10,10,https://demoqa.com/,252,0,0
1.71406E+12,184,elements/images/gplaypattern.jpg-11,200,OK,Thread Group 1-2,bin,TRUE,,4543,603,10,10,https://demoqa.com/images/gplaypattern.jpg,184,0,0
1.71406E+12,276,elements/main.css-7,200,OK,Thread Group 1-10,text,TRUE,,54914,534,10,10,https://demoqa.com/main.css,273,0,0
1.71406E+12,234,elements/images/Toolsqa.jpg-9,200,OK,Thread Group 1-4,bin,TRUE,,7545,590,10,10,https://demoqa.com/images/Toolsqa.jpg,234,0,0
1.71406E+12,423,elements/main.css-7,200,OK,Thread Group 1-5,text,TRUE,,54914,534,10,10,https://demoqa.com/main.css,241,0,0
1.71406E+12,601,elements/main.css-7,200,OK,Thread Group 1-8,text,TRUE,,54914,534,10,10,https://demoqa.com/main.css,419,0,0
1.71406E+12,392,elements/main.css-7,200,OK,Thread Group 1-3,text,TRUE,,54914,534,10,10,https://demoqa.com/main.css,201,0,0
1.71406E+12,1885,elements/bundle.js-8,200,OK,Thread Group 1-1,text,TRUE,,826076,521,10,10,https://demoqa.com/bundle.js,227,0,0
1.71406E+12,227,elements/images/gplaypattern.jpg-11,200,OK,Thread Group 1-4,bin,TRUE,,4543,603,10,10,https://demoqa.com/images/gplaypattern.jpg,227,0,0
1.71406E+12,207,elements/images/Toolsqa.jpg-9,200,OK,Thread Group 1-1,bin,TRUE,,7545,590,10,10,https://demoqa.com/images/Toolsqa.jpg,207,0,0
1.71406E+12,225,elements/images/gplaypattern.jpg-11,200,OK,Thread Group 1-1,bin,TRUE,,4543,603,10,10,https://demoqa.com/images/gplaypattern.jpg,225,0,0
1.71406E+12,1727,elements/bundle.js-8,200,OK,Thread Group 1-9,text,TRUE,,826076,521,10,10,https://demoqa.com/bundle.js,271,0,0
1.71406E+12,1600,elements/images/WB.svg-10,200,OK,Thread Group 1-2,text,TRUE,,477335,585,10,10,https://demoqa.com/images/WB.svg,438,0,0
1.71406E+12,262,elements/images/Toolsqa.jpg-9,200,OK,Thread Group 1-9,bin,TRUE,,7545,590,10,10,https://demoqa.com/images/Toolsqa.jpg,262,0,0
1.71406E+12,1403,elements/images/WB.svg-10,200,OK,Thread Group 1-4,text,TRUE,,477335,585,10,10,https://demoqa.com/images/WB.svg,380,0,0
1.71406E+12,236,elements/images/gplaypattern.jpg-11,200,OK,Thread Group 1-9,bin,TRUE,,4543,603,10,10,https://demoqa.com/images/gplaypattern.jpg,236,0,0
1.71406E+12,191,elements/favicon.ico-12,200,OK,Thread Group 1-4,text,TRUE,,1939,583,10,10,https://demoqa.com/favicon.ico,191,0,0
1.71406E+12,949,elements/favicon.ico-12,200,OK,Thread Group 1-2,text,TRUE,,1939,583,10,10,https://demoqa.com/favicon.ico,949,0,0
1.71406E+12,1605,elements/images/WB.svg-10,200,OK,Thread Group 1-1,text,TRUE,,477335,585,10,10,https://demoqa.com/images/WB.svg,299,0,0
1.71406E+12,180,elements/favicon.ico-14,200,OK,Thread Group 1-4,text,TRUE,,1939,591,10,10,https://demoqa.com/favicon.ico,180,0,0
1.71406E+12,196,elements/favicon.ico-14,200,OK,Thread Group 1-2,text,TRUE,,1939,591,10,10,https://demoqa.com/favicon.ico,196,0,0
1.71406E+12,10030,elements/bundle.js-4,200,OK,Thread Group 1-7,text,TRUE,,826076,521,10,10,https://demoqa.com/bundle.js,316,0,0
1.71406E+12,3312,elements/bundle.js-8,200,OK,Thread Group 1-3,text,TRUE,,826076,521,10,10,https://demoqa.com/bundle.js,211,0,0
1.71406E+12,226,elements/favicon.ico-12,200,OK,Thread Group 1-1,text,TRUE,,1939,583,10,10,https://demoqa.com/favicon.ico,226,0,0
1.71406E+12,178,elements/images/gplaypattern.jpg-15,200,OK,Thread Group 1-4,bin,TRUE,,4543,603,10,10,https://demoqa.com/images/gplaypattern.jpg,178,0,0
1.71406E+12,247,elements/images/gplaypattern.jpg-15,200,OK,Thread Group 1-2,bin,TRUE,,4543,603,10,10,https://demoqa.com/images/gplaypattern.jpg,247,0,0
1.71406E+12,236,elements/favicon.ico-5,200,OK,Thread Group 1-7,text,TRUE,,1939,583,10,10,https://demoqa.com/favicon.ico,236,0,0
1.71406E+12,1450,elements/images/WB.svg-10,200,OK,Thread Group 1-9,text,TRUE,,477335,585,10,10,https://demoqa.com/images/WB.svg,389,0,0
1.71406E+12,199,elements/images/Toolsqa.jpg-9,200,OK,Thread Group 1-3,bin,TRUE,,7545,590,10,10,https://demoqa.com/images/Toolsqa.jpg,198,0,0
1.71406E+12,175,elements/favicon.ico-14,200,OK,Thread Group 1-1,text,TRUE,,1939,591,10,10,https://demoqa.com/favicon.ico,175,0,0
1.71406E+12,211,elements/images/Toolsqa.jpg-13,200,OK,Thread Group 1-4,bin,TRUE,,7545,598,10,10,https://demoqa.com/images/Toolsqa.jpg,211,0,0
1.71406E+12,244,elements/images/Toolsqa.jpg-13,200,OK,Thread Group 1-2,bin,TRUE,,7545,598,10,10,https://demoqa.com/images/Toolsqa.jpg,244,0,0
1.71406E+12,214,elements/images/gplaypattern.jpg-11,200,OK,Thread Group 1-3,bin,TRUE,,4543,603,10,10,https://demoqa.com/images/gplaypattern.jpg,214,0,0
1.71406E+12,190,elements/favicon.ico-12,200,OK,Thread Group 1-9,text,TRUE,,1939,583,10,10,https://demoqa.com/favicon.ico,190,0,0
1.71406E+12,207,elements/-6,200,OK,Thread Group 1-7,text,TRUE,,1939,686,10,10,https://demoqa.com/,207,0,0
1.71406E+12,253,elements/images/gplaypattern.jpg-15,200,OK,Thread Group 1-1,bin,TRUE,,4543,603,10,10,https://demoqa.com/images/gplaypattern.jpg,253,0,0
1.71406E+12,208,elements/images/zero-step.jpeg-16,200,OK,Thread Group 1-4,bin,TRUE,,11645,601,10,10,https://demoqa.com/images/zero-step.jpeg,208,0,0
1.71406E+12,11491,elements/bundle.js-4,200,OK,Thread Group 1-6,text,TRUE,,826076,521,10,10,https://demoqa.com/bundle.js,1410,0,0
1.71406E+12,181,elements/images/zero-step.jpeg-16,200,OK,Thread Group 1-2,bin,TRUE,,11645,601,10,10,https://demoqa.com/images/zero-step.jpeg,180,0,0
1.71406E+12,59,forms/generate_204-17,204,No Content,Thread Group 1-4,,FALSE,"The result was the wrong size: It was 127 bytes, but should have been greater or equal to 500 bytes.",127,310,10,10,http://www.gstatic.com/generate_204,0,0,0
1.71406E+12,227,elements/favicon.ico-14,200,OK,Thread Group 1-9,text,TRUE,,1939,591,10,10,https://demoqa.com/favicon.ico,227,0,0
1.71406E+12,214,elements/images/Toolsqa.jpg-13,200,OK,Thread Group 1-1,bin,TRUE,,7545,598,10,10,https://demoqa.com/images/Toolsqa.jpg,214,0,0
1.71406E+12,5273,elements/bundle.js-8,200,OK,Thread Group 1-8,text,TRUE,,826076,521,10,10,https://demoqa.com/bundle.js,198,0,0
1.71406E+12,180,elements/favicon.ico-5,200,OK,Thread Group 1-6,text,TRUE,,1939,583,10,10,https://demoqa.com/favicon.ico,179,0,0
1.71406E+12,19,forms/generate_204-17,204,No Content,Thread Group 1-2,,FALSE,"The result was the wrong size: It was 127 bytes, but should have been greater or equal to 500 bytes.",127,310,10,10,http://www.gstatic.com/generate_204,0,0,0
1.71406E+12,5554,elements/bundle.js-8,200,OK,Thread Group 1-10,text,TRUE,,826076,521,10,10,https://demoqa.com/bundle.js,177,0,0
1.71406E+12,121,forms/MFEwTzBNMEswSTAJBgUrDgMCGgUABBRr2bwARTxMtEy9aspRAZg5QFhagQQUgrrWPZfOn89x6JI3r%2F2ztWk1V88CEDWvt3udNB9q%2FI%2BERqsxNSs%3D-18,200,OK,Thread Group 1-4,text,TRUE,,1181,268,10,10,http://ocsp.entrust.net/MFEwTzBNMEswSTAJBgUrDgMCGgUABBRr2bwARTxMtEy9aspRAZg5QFhagQQUgrrWPZfOn89x6JI3r%2F2ztWk1V88CEDWvt3udNB9q%2FI%2BERqsxNSs%3D,120,0,100
1.71406E+12,760,elements/main.css-7,200,OK,Thread Group 1-7,text,TRUE,,54914,534,10,10,https://demoqa.com/main.css,377,0,0
1.71406E+12,180,elements/images/gplaypattern.jpg-15,200,OK,Thread Group 1-9,bin,TRUE,,4543,603,10,10,https://demoqa.com/images/gplaypattern.jpg,180,0,0
1.71406E+12,38,forms/MFEwTzBNMEswSTAJBgUrDgMCGgUABBRr2bwARTxMtEy9aspRAZg5QFhagQQUgrrWPZfOn89x6JI3r%2F2ztWk1V88CEDWvt3udNB9q%2FI%2BERqsxNSs%3D-18,200,OK,Thread Group 1-2,text,TRUE,,1181,268,10,10,http://ocsp.entrust.net/MFEwTzBNMEswSTAJBgUrDgMCGgUABBRr2bwARTxMtEy9aspRAZg5QFhagQQUgrrWPZfOn89x6JI3r%2F2ztWk1V88CEDWvt3udNB9q%2FI%2BERqsxNSs%3D,38,0,17
1.71406E+12,173,elements/images/zero-step.jpeg-16,200,OK,Thread Group 1-1,bin,TRUE,,11645,601,10,10,https://demoqa.com/images/zero-step.jpeg,173,0,0
1.71406E+12,177,elements/images/Toolsqa.jpg-9,200,OK,Thread Group 1-8,bin,TRUE,,7545,590,10,10,https://demoqa.com/images/Toolsqa.jpg,177,0,0
1.71406E+12,174,elements/-6,200,OK,Thread Group 1-6,text,TRUE,,1939,686,10,10,https://demoqa.com/,174,0,0
1.71406E+12,41,forms/-19,200,OK,Thread Group 1-4,text,TRUE,,1006,146,10,10,http://x1.c.lencr.org/,41,0,22
1.71406E+12,1131,elements/images/WB.svg-10,200,OK,Thread Group 1-3,text,TRUE,,477335,585,10,10,https://demoqa.com/images/WB.svg,395,0,0
1.71406E+12,177,elements/images/Toolsqa.jpg-9,200,OK,Thread Group 1-10,bin,TRUE,,7545,590,10,10,https://demoqa.com/images/Toolsqa.jpg,177,0,0
1.71406E+12,35,forms/-19,200,OK,Thread Group 1-2,text,TRUE,,1006,146,10,10,http://x1.c.lencr.org/,35,0,17
1.71406E+12,19,forms/generate_204-17,204,No Content,Thread Group 1-1,,FALSE,"The result was the wrong size: It was 127 bytes, but should have been greater or equal to 500 bytes.",127,310,10,10,http://www.gstatic.com/generate_204,0,0,0
1.71406E+12,176,elements/images/Toolsqa.jpg-13,200,OK,Thread Group 1-9,bin,TRUE,,7545,598,10,10,https://demoqa.com/images/Toolsqa.jpg,176,0,0
1.71406E+12,6397,elements/bundle.js-8,200,OK,Thread Group 1-5,text,TRUE,,826076,521,10,10,https://demoqa.com/bundle.js,1555,0,0
1.71406E+12,170,elements/images/gplaypattern.jpg-11,200,OK,Thread Group 1-8,bin,TRUE,,4543,603,10,10,https://demoqa.com/images/gplaypattern.jpg,170,0,0
1.71406E+12,171,elements/favicon.ico-12,200,OK,Thread Group 1-3,text,TRUE,,1939,583,10,10,https://demoqa.com/favicon.ico,171,0,0
1.71406E+12,34,forms/MFEwTzBNMEswSTAJBgUrDgMCGgUABBRr2bwARTxMtEy9aspRAZg5QFhagQQUgrrWPZfOn89x6JI3r%2F2ztWk1V88CEDWvt3udNB9q%2FI%2BERqsxNSs%3D-18,200,OK,Thread Group 1-1,text,TRUE,,1181,268,10,10,http://ocsp.entrust.net/MFEwTzBNMEswSTAJBgUrDgMCGgUABBRr2bwARTxMtEy9aspRAZg5QFhagQQUgrrWPZfOn89x6JI3r%2F2ztWk1V88CEDWvt3udNB9q%2FI%2BERqsxNSs%3D,34,0,14
1.71406E+12,174,elements/images/gplaypattern.jpg-11,200,OK,Thread Group 1-10,bin,TRUE,,4543,603,10,10,https://demoqa.com/images/gplaypattern.jpg,174,0,0
1.71406E+12,402,forms/msdownload/update/v3/static/trustedr/en/authrootstl.cab-20,200,OK,Thread Group 1-4,text,TRUE,,70413,196,10,10,http://ctldl.windowsupdate.com/msdownload/update/v3/static/trustedr/en/authrootstl.cab?8da0a58c7b4418f8,367,0,177
1.71406E+12,171,elements/images/zero-step.jpeg-16,200,OK,Thread Group 1-9,bin,TRUE,,11645,601,10,10,https://demoqa.com/images/zero-step.jpeg,171,0,0
1.71406E+12,528,elements/main.css-7,200,OK,Thread Group 1-6,text,TRUE,,54914,534,10,10,https://demoqa.com/main.css,347,0,0
1.71406E+12,400,forms/msdownload/update/v3/static/trustedr/en/authrootstl.cab-20,200,OK,Thread Group 1-2,text,TRUE,,70414,196,10,10,http://ctldl.windowsupdate.com/msdownload/update/v3/static/trustedr/en/authrootstl.cab?8da0a58c7b4418f8,351,0,176
1.71406E+12,173,elements/images/Toolsqa.jpg-9,200,OK,Thread Group 1-5,bin,TRUE,,7545,590,10,10,https://demoqa.com/images/Toolsqa.jpg,173,0,0
1.71406E+12,36,forms/-19,200,OK,Thread Group 1-1,text,TRUE,,1006,146,10,10,http://x1.c.lencr.org/,36,0,18
1.71406E+12,172,elements/favicon.ico-14,200,OK,Thread Group 1-3,text,TRUE,,1939,591,10,10,https://demoqa.com/favicon.ico,171,0,0
1.71406E+12,2,forms/msdownload/update/v3/static/trustedr/en/disallowedcertstl.cab-21,Non HTTP response code: org.apache.http.NoHttpResponseException,Non HTTP response message: ctldl.windowsupdate.com:80 failed to respond,Thread Group 1-4,text,FALSE,Test failed: code expected to contain /200/,2103,0,10,10,http://ctldl.windowsupdate.com/msdownload/update/v3/static/trustedr/en/disallowedcertstl.cab?5bcf1fd4a14397e1,0,0,0
1.71406E+12,17,forms/generate_204-17,204,No Content,Thread Group 1-9,,FALSE,"The result was the wrong size: It was 127 bytes, but should have been greater or equal to 500 bytes.",127,310,10,10,http://www.gstatic.com/generate_204,0,0,0
1.71406E+12,1,forms/msdownload/update/v3/static/trustedr/en/disallowedcertstl.cab-21,Non HTTP response code: org.apache.http.NoHttpResponseException,Non HTTP response message: ctldl.windowsupdate.com:80 failed to respond,Thread Group 1-2,text,FALSE,Test failed: code expected to contain /200/,2103,0,10,10,http://ctldl.windowsupdate.com/msdownload/update/v3/static/trustedr/en/disallowedcertstl.cab?5bcf1fd4a14397e1,0,0,0
1.71406E+12,173,elements/images/gplaypattern.jpg-11,200,OK,Thread Group 1-5,bin,TRUE,,4543,603,10,10,https://demoqa.com/images/gplaypattern.jpg,173,0,0
1.71406E+12,38,forms/MFEwTzBNMEswSTAJBgUrDgMCGgUABBRr2bwARTxMtEy9aspRAZg5QFhagQQUgrrWPZfOn89x6JI3r%2F2ztWk1V88CEDWvt3udNB9q%2FI%2BERqsxNSs%3D-18,200,OK,Thread Group 1-9,text,TRUE,,1181,268,10,10,http://ocsp.entrust.net/MFEwTzBNMEswSTAJBgUrDgMCGgUABBRr2bwARTxMtEy9aspRAZg5QFhagQQUgrrWPZfOn89x6JI3r%2F2ztWk1V88CEDWvt3udNB9q%2FI%2BERqsxNSs%3D,38,0,19
1.71406E+12,176,elements/images/gplaypattern.jpg-15,200,OK,Thread Group 1-3,bin,TRUE,,4543,603,10,10,https://demoqa.com/images/gplaypattern.jpg,176,0,0
1.71406E+12,177,forms/-22,200,OK,Thread Group 1-4,text,TRUE,,1939,686,10,10,https://demoqa.com/,177,0,0
1.71406E+12,174,forms/-22,200,OK,Thread Group 1-2,text,TRUE,,1939,686,10,10,https://demoqa.com/,173,0,0
1.71406E+12,400,forms/msdownload/update/v3/static/trustedr/en/authrootstl.cab-20,200,OK,Thread Group 1-1,text,TRUE,,70414,196,10,10,http://ctldl.windowsupdate.com/msdownload/update/v3/static/trustedr/en/authrootstl.cab?8da0a58c7b4418f8,367,0,177
1.71406E+12,34,forms/-19,200,OK,Thread Group 1-9,text,TRUE,,1006,146,10,10,http://x1.c.lencr.org/,34,0,17
1.71406E+12,178,elements/images/Toolsqa.jpg-13,200,OK,Thread Group 1-3,bin,TRUE,,7545,598,10,10,https://demoqa.com/images/Toolsqa.jpg,178,0,0
1.71406E+12,1,forms/msdownload/update/v3/static/trustedr/en/disallowedcertstl.cab-21,Non HTTP response code: org.apache.http.NoHttpResponseException,Non HTTP response message: ctldl.windowsupdate.com:80 failed to respond,Thread Group 1-1,text,FALSE,Test failed: code expected to contain /200/,2103,0,10,10,http://ctldl.windowsupdate.com/msdownload/update/v3/static/trustedr/en/disallowedcertstl.cab?5bcf1fd4a14397e1,0,0,0
1.71406E+12,511,forms/main.css-23,200,OK,Thread Group 1-4,text,TRUE,,54914,534,10,10,https://demoqa.com/main.css,342,0,0
1.71406E+12,170,elements/images/zero-step.jpeg-16,200,OK,Thread Group 1-3,bin,TRUE,,11645,601,10,10,https://demoqa.com/images/zero-step.jpeg,170,0,0
1.71406E+12,515,forms/main.css-23,200,OK,Thread Group 1-2,text,TRUE,,54914,534,10,10,https://demoqa.com/main.css,348,0,0
1.71406E+12,175,forms/-22,200,OK,Thread Group 1-1,text,TRUE,,1939,686,10,10,https://demoqa.com/,174,0,0
1.71406E+12,414,forms/msdownload/update/v3/static/trustedr/en/authrootstl.cab-20,200,OK,Thread Group 1-9,text,TRUE,,70413,196,10,10,http://ctldl.windowsupdate.com/msdownload/update/v3/static/trustedr/en/authrootstl.cab?8da0a58c7b4418f8,364,0,174
1.71406E+12,1728,elements/images/WB.svg-10,200,OK,Thread Group 1-10,text,TRUE,,477335,585,10,10,https://demoqa.com/images/WB.svg,358,0,0
1.71406E+12,26,forms/generate_204-17,204,No Content,Thread Group 1-3,,FALSE,"The result was the wrong size: It was 127 bytes, but should have been greater or equal to 500 bytes.",127,310,10,10,http://www.gstatic.com/generate_204,0,0,0
1.71406E+12,2,forms/msdownload/update/v3/static/trustedr/en/disallowedcertstl.cab-21,Non HTTP response code: org.apache.http.NoHttpResponseException,Non HTTP response message: ctldl.windowsupdate.com:80 failed to respond,Thread Group 1-9,text,FALSE,Test failed: code expected to contain /200/,2103,0,10,10,http://ctldl.windowsupdate.com/msdownload/update/v3/static/trustedr/en/disallowedcertstl.cab?5bcf1fd4a14397e1,0,0,0
1.71406E+12,257,elements/favicon.ico-12,200,OK,Thread Group 1-10,text,TRUE,,1939,583,10,10,https://demoqa.com/favicon.ico,257,0,0
1.71406E+12,64,forms/MFEwTzBNMEswSTAJBgUrDgMCGgUABBRr2bwARTxMtEy9aspRAZg5QFhagQQUgrrWPZfOn89x6JI3r%2F2ztWk1V88CEDWvt3udNB9q%2FI%2BERqsxNSs%3D-18,200,OK,Thread Group 1-3,text,TRUE,,1181,268,10,10,http://ocsp.entrust.net/MFEwTzBNMEswSTAJBgUrDgMCGgUABBRr2bwARTxMtEy9aspRAZg5QFhagQQUgrrWPZfOn89x6JI3r%2F2ztWk1V88CEDWvt3udNB9q%2FI%2BERqsxNSs%3D,64,0,42
1.71406E+12,2772,elements/images/WB.svg-10,200,OK,Thread Group 1-8,text,TRUE,,477335,585,10,10,https://demoqa.com/images/WB.svg,339,0,0
1.71406E+12,181,forms/-22,200,OK,Thread Group 1-9,text,TRUE,,1939,686,10,10,https://demoqa.com/,181,0,0
1.71406E+12,702,forms/main.css-23,200,OK,Thread Group 1-1,text,TRUE,,54914,534,10,10,https://demoqa.com/main.css,479,0,0
1.71406E+12,35,forms/-19,200,OK,Thread Group 1-3,text,TRUE,,1006,146,10,10,http://x1.c.lencr.org/,35,0,16
1.71406E+12,180,elements/favicon.ico-14,200,OK,Thread Group 1-10,text,TRUE,,1939,591,10,10,https://demoqa.com/favicon.ico,179,0,0
1.71406E+12,2229,elements/images/WB.svg-10,200,OK,Thread Group 1-5,text,TRUE,,477335,585,10,10,https://demoqa.com/images/WB.svg,343,0,0
1.71406E+12,173,elements/favicon.ico-12,200,OK,Thread Group 1-8,text,TRUE,,1939,583,10,10,https://demoqa.com/favicon.ico,173,0,0
1.71406E+12,247,elements/images/gplaypattern.jpg-15,200,OK,Thread Group 1-10,bin,TRUE,,4543,603,10,10,https://demoqa.com/images/gplaypattern.jpg,247,0,0
1.71406E+12,1584,forms/bundle.js-24,200,OK,Thread Group 1-4,text,TRUE,,826076,521,10,10,https://demoqa.com/bundle.js,232,0,0
1.71406E+12,628,forms/main.css-23,200,OK,Thread Group 1-9,text,TRUE,,54914,534,10,10,https://demoqa.com/main.css,423,0,0
1.71406E+12,196,elements/favicon.ico-12,200,OK,Thread Group 1-5,text,TRUE,,1939,583,10,10,https://demoqa.com/favicon.ico,196,0,0
1.71406E+12,211,elements/favicon.ico-14,200,OK,Thread Group 1-8,text,TRUE,,1939,591,10,10,https://demoqa.com/favicon.ico,210,0,0
1.71406E+12,568,forms/msdownload/update/v3/static/trustedr/en/authrootstl.cab-20,200,OK,Thread Group 1-3,text,TRUE,,70414,196,10,10,http://ctldl.windowsupdate.com/msdownload/update/v3/static/trustedr/en/authrootstl.cab?8da0a58c7b4418f8,462,0,256
1.71406E+12,179,elements/images/Toolsqa.jpg-13,200,OK,Thread Group 1-10,bin,TRUE,,7545,598,10,10,https://demoqa.com/images/Toolsqa.jpg,179,0,0
1.71406E+12,173,forms/favicon.ico-25,200,OK,Thread Group 1-4,text,TRUE,,1939,583,10,10,https://demoqa.com/favicon.ico,173,0,0
1.71406E+12,1,forms/msdownload/update/v3/static/trustedr/en/disallowedcertstl.cab-21,Non HTTP response code: org.apache.http.NoHttpResponseException,Non HTTP response message: ctldl.windowsupdate.com:80 failed to respond,Thread Group 1-3,text,FALSE,Test failed: code expected to contain /200/,2103,0,10,10,http://ctldl.windowsupdate.com/msdownload/update/v3/static/trustedr/en/disallowedcertstl.cab?5bcf1fd4a14397e1,0,0,0
1.71406E+12,233,elements/favicon.ico-14,200,OK,Thread Group 1-5,text,TRUE,,1939,591,10,10,https://demoqa.com/favicon.ico,233,0,0
1.71406E+12,208,elements/images/gplaypattern.jpg-15,200,OK,Thread Group 1-8,bin,TRUE,,4543,603,10,10,https://demoqa.com/images/gplaypattern.jpg,208,0,0
1.71406E+12,4091,elements/bundle.js-8,200,OK,Thread Group 1-6,text,TRUE,,826076,521,10,10,https://demoqa.com/bundle.js,350,0,0
1.71406E+12,233,elements/images/zero-step.jpeg-16,200,OK,Thread Group 1-10,bin,TRUE,,11645,601,10,10,https://demoqa.com/images/zero-step.jpeg,233,0,0
1.71406E+12,222,forms/-26,200,OK,Thread Group 1-4,text,TRUE,,1939,686,10,10,https://demoqa.com/,222,0,0
1.71406E+12,1649,forms/bundle.js-24,200,OK,Thread Group 1-1,text,TRUE,,826076,521,10,10,https://demoqa.com/bundle.js,188,0,0
1.71406E+12,230,forms/-22,200,OK,Thread Group 1-3,text,TRUE,,1939,686,10,10,https://demoqa.com/,229,0,0
1.71406E+12,173,elements/images/gplaypattern.jpg-15,200,OK,Thread Group 1-5,bin,TRUE,,4543,603,10,10,https://demoqa.com/images/gplaypattern.jpg,173,0,0
1.71406E+12,5781,elements/bundle.js-8,200,OK,Thread Group 1-7,text,TRUE,,826076,521,10,10,https://demoqa.com/bundle.js,340,0,0
1.71406E+12,170,elements/images/Toolsqa.jpg-13,200,OK,Thread Group 1-8,bin,TRUE,,7545,598,10,10,https://demoqa.com/images/Toolsqa.jpg,170,0,0
1.71406E+12,206,elements/images/Toolsqa.jpg-9,200,OK,Thread Group 1-6,bin,TRUE,,7545,590,10,10,https://demoqa.com/images/Toolsqa.jpg,206,0,0
1.71406E+12,67,forms/generate_204-17,204,No Content,Thread Group 1-10,,FALSE,"The result was the wrong size: It was 127 bytes, but should have been greater or equal to 500 bytes.",127,310,10,10,http://www.gstatic.com/generate_204,0,0,0
1.71406E+12,243,forms/favicon.ico-25,200,OK,Thread Group 1-1,text,TRUE,,1939,583,10,10,https://demoqa.com/favicon.ico,243,0,0
1.71406E+12,197,elements/images/Toolsqa.jpg-13,200,OK,Thread Group 1-5,bin,TRUE,,7545,598,10,10,https://demoqa.com/images/Toolsqa.jpg,197,0,0
1.71406E+12,183,elements/images/Toolsqa.jpg-9,200,OK,Thread Group 1-7,bin,TRUE,,7545,590,10,10,https://demoqa.com/images/Toolsqa.jpg,183,0,0
1.71406E+12,233,elements/images/zero-step.jpeg-16,200,OK,Thread Group 1-8,bin,TRUE,,11645,601,10,10,https://demoqa.com/images/zero-step.jpeg,233,0,0
1.71406E+12,222,elements/images/gplaypattern.jpg-11,200,OK,Thread Group 1-6,bin,TRUE,,4543,603,10,10,https://demoqa.com/images/gplaypattern.jpg,222,0,0
1.71406E+12,579,forms/main.css-27,200,OK,Thread Group 1-4,text,TRUE,,54914,534,10,10,https://demoqa.com/main.css,180,0,0
1.71406E+12,172,forms/MFEwTzBNMEswSTAJBgUrDgMCGgUABBRr2bwARTxMtEy9aspRAZg5QFhagQQUgrrWPZfOn89x6JI3r%2F2ztWk1V88CEDWvt3udNB9q%2FI%2BERqsxNSs%3D-18,200,OK,Thread Group 1-10,text,TRUE,,1181,268,10,10,http://ocsp.entrust.net/MFEwTzBNMEswSTAJBgUrDgMCGgUABBRr2bwARTxMtEy9aspRAZg5QFhagQQUgrrWPZfOn89x6JI3r%2F2ztWk1V88CEDWvt3udNB9q%2FI%2BERqsxNSs%3D,172,0,73
1.71406E+12,562,forms/main.css-23,200,OK,Thread Group 1-3,text,TRUE,,54914,534,10,10,https://demoqa.com/main.css,388,0,0
1.71406E+12,3691,forms/bundle.js-24,200,OK,Thread Group 1-2,text,TRUE,,826076,521,10,10,https://demoqa.com/bundle.js,229,0,0
1.71406E+12,1825,forms/bundle.js-24,200,OK,Thread Group 1-9,text,TRUE,,826076,521,10,10,https://demoqa.com/bundle.js,218,0,0
1.71406E+12,178,forms/-26,200,OK,Thread Group 1-1,text,TRUE,,1939,686,10,10,https://demoqa.com/,178,0,0
1.71406E+12,171,elements/images/gplaypattern.jpg-11,200,OK,Thread Group 1-7,bin,TRUE,,4543,603,10,10,https://demoqa.com/images/gplaypattern.jpg,171,0,0
1.71406E+12,18,forms/generate_204-17,204,No Content,Thread Group 1-8,,FALSE,"The result was the wrong size: It was 127 bytes, but should have been greater or equal to 500 bytes.",127,310,10,10,http://www.gstatic.com/generate_204,0,0,0
1.71406E+12,174,elements/images/zero-step.jpeg-16,200,OK,Thread Group 1-5,bin,TRUE,,11645,601,10,10,https://demoqa.com/images/zero-step.jpeg,174,0,0
1.71406E+12,34,forms/-19,200,OK,Thread Group 1-10,text,TRUE,,1006,146,10,10,http://x1.c.lencr.org/,34,0,15
1.71406E+12,41,forms/MFEwTzBNMEswSTAJBgUrDgMCGgUABBRr2bwARTxMtEy9aspRAZg5QFhagQQUgrrWPZfOn89x6JI3r%2F2ztWk1V88CEDWvt3udNB9q%2FI%2BERqsxNSs%3D-18,200,OK,Thread Group 1-8,text,TRUE,,1181,268,10,10,http://ocsp.entrust.net/MFEwTzBNMEswSTAJBgUrDgMCGgUABBRr2bwARTxMtEy9aspRAZg5QFhagQQUgrrWPZfOn89x6JI3r%2F2ztWk1V88CEDWvt3udNB9q%2FI%2BERqsxNSs%3D,41,0,22
1.71406E+12,174,forms/favicon.ico-25,200,OK,Thread Group 1-2,text,TRUE,,1939,583,10,10,https://demoqa.com/favicon.ico,174,0,0
1.71406E+12,169,forms/favicon.ico-25,200,OK,Thread Group 1-9,text,TRUE,,1939,583,10,10,https://demoqa.com/favicon.ico,169,0,0
1.71406E+12,20,forms/generate_204-17,204,No Content,Thread Group 1-5,,FALSE,"The result was the wrong size: It was 127 bytes, but should have been greater or equal to 500 bytes.",127,310,10,10,http://www.gstatic.com/generate_204,0,0,0
1.71406E+12,55,forms/-19,200,OK,Thread Group 1-8,text,TRUE,,1006,146,10,10,http://x1.c.lencr.org/,55,0,32
1.71406E+12,420,forms/msdownload/update/v3/static/trustedr/en/authrootstl.cab-20,200,OK,Thread Group 1-10,text,TRUE,,70414,196,10,10,http://ctldl.windowsupdate.com/msdownload/update/v3/static/trustedr/en/authrootstl.cab?8da0a58c7b4418f8,389,0,183
1.71406E+12,38,forms/MFEwTzBNMEswSTAJBgUrDgMCGgUABBRr2bwARTxMtEy9aspRAZg5QFhagQQUgrrWPZfOn89x6JI3r%2F2ztWk1V88CEDWvt3udNB9q%2FI%2BERqsxNSs%3D-18,200,OK,Thread Group 1-5,text,TRUE,,1181,268,10,10,http://ocsp.entrust.net/MFEwTzBNMEswSTAJBgUrDgMCGgUABBRr2bwARTxMtEy9aspRAZg5QFhagQQUgrrWPZfOn89x6JI3r%2F2ztWk1V88CEDWvt3udNB9q%2FI%2BERqsxNSs%3D,38,0,18
1.71406E+12,547,forms/main.css-27,200,OK,Thread Group 1-1,text,TRUE,,54914,534,10,10,https://demoqa.com/main.css,175,0,0
1.71406E+12,192,forms/-26,200,OK,Thread Group 1-2,text,TRUE,,1939,686,10,10,https://demoqa.com/,192,0,0
1.71406E+12,176,forms/-26,200,OK,Thread Group 1-9,text,TRUE,,1939,686,10,10,https://demoqa.com/,176,0,0
1.71406E+12,2,forms/msdownload/update/v3/static/trustedr/en/disallowedcertstl.cab-21,Non HTTP response code: org.apache.http.NoHttpResponseException,Non HTTP response message: ctldl.windowsupdate.com:80 failed to respond,Thread Group 1-10,text,FALSE,Test failed: code expected to contain /200/,2103,0,10,10,http://ctldl.windowsupdate.com/msdownload/update/v3/static/trustedr/en/disallowedcertstl.cab?5bcf1fd4a14397e1,0,0,0
1.71406E+12,87,forms/-19,200,OK,Thread Group 1-5,text,TRUE,,1006,146,10,10,http://x1.c.lencr.org/,87,0,15
1.71406E+12,1376,elements/images/WB.svg-10,200,OK,Thread Group 1-6,text,TRUE,,477335,585,10,10,https://demoqa.com/images/WB.svg,349,0,0
1.71406E+12,533,forms/msdownload/update/v3/static/trustedr/en/authrootstl.cab-20,200,OK,Thread Group 1-8,text,TRUE,,70414,196,10,10,http://ctldl.windowsupdate.com/msdownload/update/v3/static/trustedr/en/authrootstl.cab?8da0a58c7b4418f8,446,0,218
1.71406E+12,180,forms/-22,200,OK,Thread Group 1-10,text,TRUE,,1939,686,10,10,https://demoqa.com/,180,0,0
1.71406E+12,245,elements/favicon.ico-12,200,OK,Thread Group 1-6,text,TRUE,,1939,583,10,10,https://demoqa.com/favicon.ico,244,0,0
1.71406E+12,639,forms/main.css-27,200,OK,Thread Group 1-9,text,TRUE,,54914,534,10,10,https://demoqa.com/main.css,438,0,0
1.71406E+12,650,forms/main.css-27,200,OK,Thread Group 1-2,text,TRUE,,54914,534,10,10,https://demoqa.com/main.css,444,0,0
1.71406E+12,1,forms/msdownload/update/v3/static/trustedr/en/disallowedcertstl.cab-21,Non HTTP response code: org.apache.http.NoHttpResponseException,Non HTTP response message: ctldl.windowsupdate.com:80 failed to respond,Thread Group 1-8,text,FALSE,Test failed: code expected to contain /200/,2103,0,10,10,http://ctldl.windowsupdate.com/msdownload/update/v3/static/trustedr/en/disallowedcertstl.cab?5bcf1fd4a14397e1,0,0,0
1.71406E+12,550,forms/msdownload/update/v3/static/trustedr/en/authrootstl.cab-20,200,OK,Thread Group 1-5,text,TRUE,,70413,196,10,10,http://ctldl.windowsupdate.com/msdownload/update/v3/static/trustedr/en/authrootstl.cab?8da0a58c7b4418f8,451,0,235
1.71406E+12,2052,forms/bundle.js-24,200,OK,Thread Group 1-3,text,TRUE,,826076,521,10,10,https://demoqa.com/bundle.js,171,0,0
1.71406E+12,182,forms/-22,200,OK,Thread Group 1-8,text,TRUE,,1939,686,10,10,https://demoqa.com/,182,0,0
1.71406E+12,240,elements/favicon.ico-14,200,OK,Thread Group 1-6,text,TRUE,,1939,591,10,10,https://demoqa.com/favicon.ico,240,0,0
1.71406E+12,1,forms/msdownload/update/v3/static/trustedr/en/disallowedcertstl.cab-21,Non HTTP response code: org.apache.http.NoHttpResponseException,Non HTTP response message: ctldl.windowsupdate.com:80 failed to respond,Thread Group 1-5,text,FALSE,Test failed: code expected to contain /200/,2103,0,10,10,http://ctldl.windowsupdate.com/msdownload/update/v3/static/trustedr/en/disallowedcertstl.cab?5bcf1fd4a14397e1,0,0,0
1.71406E+12,557,forms/main.css-23,200,OK,Thread Group 1-10,text,TRUE,,54914,534,10,10,https://demoqa.com/main.css,350,0,0
1.71406E+12,242,forms/favicon.ico-25,200,OK,Thread Group 1-3,text,TRUE,,1939,583,10,10,https://demoqa.com/favicon.ico,241,0,0
1.71406E+12,1673,forms/bundle.js-28,200,OK,Thread Group 1-1,text,TRUE,,826076,521,10,10,https://demoqa.com/bundle.js,186,0,0
1.71406E+12,175,elements/images/gplaypattern.jpg-15,200,OK,Thread Group 1-6,bin,TRUE,,4543,603,10,10,https://demoqa.com/images/gplaypattern.jpg,175,0,0
1.71406E+12,204,forms/-22,200,OK,Thread Group 1-5,text,TRUE,,1939,686,10,10,https://demoqa.com/,204,0,0
1.71406E+12,224,forms/-26,200,OK,Thread Group 1-3,text,TRUE,,1939,686,10,10,https://demoqa.com/,224,0,0
1.71406E+12,181,forms/images/gplaypattern.jpg-29,200,OK,Thread Group 1-1,bin,TRUE,,4543,603,10,10,https://demoqa.com/images/gplaypattern.jpg,181,0,0
1.71406E+12,183,elements/images/Toolsqa.jpg-13,200,OK,Thread Group 1-6,bin,TRUE,,7545,598,10,10,https://demoqa.com/images/Toolsqa.jpg,183,0,0
1.71406E+12,239,forms/images/Toolsqa.jpg-30,200,OK,Thread Group 1-1,bin,TRUE,,7545,590,10,10,https://demoqa.com/images/Toolsqa.jpg,239,0,0
1.71406E+12,645,forms/main.css-23,200,OK,Thread Group 1-5,text,TRUE,,54914,534,10,10,https://demoqa.com/main.css,440,0,0
1.71406E+12,176,elements/images/zero-step.jpeg-16,200,OK,Thread Group 1-6,bin,TRUE,,11645,601,10,10,https://demoqa.com/images/zero-step.jpeg,176,0,0
1.71406E+12,2038,forms/bundle.js-28,200,OK,Thread Group 1-9,text,TRUE,,826076,521,10,10,https://demoqa.com/bundle.js,191,0,0
1.71406E+12,643,forms/main.css-27,200,OK,Thread Group 1-3,text,TRUE,,54914,534,10,10,https://demoqa.com/main.css,439,0,0
1.71406E+12,1659,forms/main.css-23,200,OK,Thread Group 1-8,text,TRUE,,54914,534,10,10,https://demoqa.com/main.css,428,0,0
1.71406E+12,4618,forms/bundle.js-28,200,OK,Thread Group 1-4,text,TRUE,,826076,521,10,10,https://demoqa.com/bundle.js,175,0,0
1.71406E+12,62,forms/generate_204-17,204,No Content,Thread Group 1-6,,FALSE,"The result was the wrong size: It was 127 bytes, but should have been greater or equal to 500 bytes.",127,310,10,10,http://www.gstatic.com/generate_204,0,0,0
1.71406E+12,186,forms/images/gplaypattern.jpg-29,200,OK,Thread Group 1-9,bin,TRUE,,4543,603,10,10,https://demoqa.com/images/gplaypattern.jpg,186,0,0
1.71406E+12,116,forms/MFEwTzBNMEswSTAJBgUrDgMCGgUABBRr2bwARTxMtEy9aspRAZg5QFhagQQUgrrWPZfOn89x6JI3r%2F2ztWk1V88CEDWvt3udNB9q%2FI%2BERqsxNSs%3D-18,200,OK,Thread Group 1-6,text,TRUE,,1181,268,10,10,http://ocsp.entrust.net/MFEwTzBNMEswSTAJBgUrDgMCGgUABBRr2bwARTxMtEy9aspRAZg5QFhagQQUgrrWPZfOn89x6JI3r%2F2ztWk1V88CEDWvt3udNB9q%2FI%2BERqsxNSs%3D,116,0,15
1.71406E+12,210,forms/images/gplaypattern.jpg-29,200,OK,Thread Group 1-4,bin,TRUE,,4543,603,10,10,https://demoqa.com/images/gplaypattern.jpg,210,0,0
1.71406E+12,220,forms/images/Toolsqa.jpg-30,200,OK,Thread Group 1-9,bin,TRUE,,7545,590,10,10,https://demoqa.com/images/Toolsqa.jpg,220,0,0
1.71406E+12,144,forms/-19,200,OK,Thread Group 1-6,text,TRUE,,1006,146,10,10,http://x1.c.lencr.org/,144,0,35
1.71406E+12,240,forms/images/Toolsqa.jpg-30,200,OK,Thread Group 1-4,bin,TRUE,,7545,590,10,10,https://demoqa.com/images/Toolsqa.jpg,240,0,0
1.71406E+12,5856,elements/images/WB.svg-10,200,OK,Thread Group 1-7,text,TRUE,,477335,585,10,10,https://demoqa.com/images/WB.svg,356,0,0
1.71406E+12,472,forms/msdownload/update/v3/static/trustedr/en/authrootstl.cab-20,200,OK,Thread Group 1-6,text,TRUE,,70414,196,10,10,http://ctldl.windowsupdate.com/msdownload/update/v3/static/trustedr/en/authrootstl.cab?8da0a58c7b4418f8,448,0,188
1.71406E+12,224,elements/favicon.ico-12,200,OK,Thread Group 1-7,text,TRUE,,1939,583,10,10,https://demoqa.com/favicon.ico,224,0,0
1.71406E+12,2,forms/msdownload/update/v3/static/trustedr/en/disallowedcertstl.cab-21,Non HTTP response code: org.apache.http.NoHttpResponseException,Non HTTP response message: ctldl.windowsupdate.com:80 failed to respond,Thread Group 1-6,text,FALSE,Test failed: code expected to contain /200/,2103,0,10,10,http://ctldl.windowsupdate.com/msdownload/update/v3/static/trustedr/en/disallowedcertstl.cab?5bcf1fd4a14397e1,0,0,0
1.71406E+12,4185,forms/bundle.js-24,200,OK,Thread Group 1-10,text,TRUE,,826076,521,10,10,https://demoqa.com/bundle.js,261,0,0
1.71406E+12,175,elements/favicon.ico-14,200,OK,Thread Group 1-7,text,TRUE,,1939,591,10,10,https://demoqa.com/favicon.ico,175,0,0
1.71406E+12,5035,forms/bundle.js-28,200,OK,Thread Group 1-2,text,TRUE,,826076,521,10,10,https://demoqa.com/bundle.js,190,0,0
1.71406E+12,2504,forms/bundle.js-28,200,OK,Thread Group 1-3,text,TRUE,,826076,521,10,10,https://demoqa.com/bundle.js,243,0,0
1.71406E+12,2900,forms/images/WB.svg-31,200,OK,Thread Group 1-1,text,TRUE,,477335,585,10,10,https://demoqa.com/images/WB.svg,225,0,0
1.71406E+12,184,forms/-22,200,OK,Thread Group 1-6,text,TRUE,,1939,686,10,10,https://demoqa.com/,184,0,0
1.71406E+12,1652,forms/images/WB.svg-31,200,OK,Thread Group 1-9,text,TRUE,,477335,585,10,10,https://demoqa.com/images/WB.svg,426,0,0
1.71406E+12,3109,forms/bundle.js-24,200,OK,Thread Group 1-5,text,TRUE,,826076,521,10,10,https://demoqa.com/bundle.js,209,0,0
1.71406E+12,259,forms/favicon.ico-25,200,OK,Thread Group 1-10,text,TRUE,,1939,583,10,10,https://demoqa.com/favicon.ico,259,0,0
1.71406E+12,184,elements/images/gplaypattern.jpg-15,200,OK,Thread Group 1-7,bin,TRUE,,4543,603,10,10,https://demoqa.com/images/gplaypattern.jpg,184,0,0
1.71406E+12,184,forms/images/gplaypattern.jpg-29,200,OK,Thread Group 1-2,bin,TRUE,,4543,603,10,10,https://demoqa.com/images/gplaypattern.jpg,184,0,0
1.71406E+12,241,forms/images/gplaypattern.jpg-29,200,OK,Thread Group 1-3,bin,TRUE,,4543,603,10,10,https://demoqa.com/images/gplaypattern.jpg,241,0,0
1.71406E+12,257,forms/favicon.ico-32,200,OK,Thread Group 1-1,text,TRUE,,1939,583,10,10,https://demoqa.com/favicon.ico,257,0,0
1.71406E+12,196,forms/favicon.ico-32,200,OK,Thread Group 1-9,text,TRUE,,1939,583,10,10,https://demoqa.com/favicon.ico,196,0,0
1.71406E+12,181,forms/favicon.ico-25,200,OK,Thread Group 1-5,text,TRUE,,1939,583,10,10,https://demoqa.com/favicon.ico,181,0,0
1.71406E+12,175,forms/-26,200,OK,Thread Group 1-10,text,TRUE,,1939,686,10,10,https://demoqa.com/,174,0,0
1.71406E+12,181,elements/images/Toolsqa.jpg-13,200,OK,Thread Group 1-7,bin,TRUE,,7545,598,10,10,https://demoqa.com/images/Toolsqa.jpg,181,0,0
1.71406E+12,189,forms/images/Toolsqa.jpg-30,200,OK,Thread Group 1-2,bin,TRUE,,7545,590,10,10,https://demoqa.com/images/Toolsqa.jpg,189,0,0
1.71406E+12,645,forms/main.css-23,200,OK,Thread Group 1-6,text,TRUE,,54914,534,10,10,https://demoqa.com/main.css,462,0,0
1.71406E+12,2356,forms/images/WB.svg-31,200,OK,Thread Group 1-4,text,TRUE,,477335,585,10,10,https://demoqa.com/images/WB.svg,465,0,0
1.71406E+12,175,forms/images/gplaypattern.jpg-33,200,OK,Thread Group 1-9,bin,TRUE,,4543,603,10,10,https://demoqa.com/images/gplaypattern.jpg,175,0,0
1.71406E+12,172,forms/images/gplaypattern.jpg-33,200,OK,Thread Group 1-1,bin,TRUE,,4543,603,10,10,https://demoqa.com/images/gplaypattern.jpg,172,0,0
1.71406E+12,174,forms/images/Toolsqa.jpg-30,200,OK,Thread Group 1-3,bin,TRUE,,7545,590,10,10,https://demoqa.com/images/Toolsqa.jpg,173,0,0
1.71406E+12,176,forms/-26,200,OK,Thread Group 1-5,text,TRUE,,1939,686,10,10,https://demoqa.com/,175,0,0
1.71406E+12,174,elements/images/zero-step.jpeg-16,200,OK,Thread Group 1-7,bin,TRUE,,11645,601,10,10,https://demoqa.com/images/zero-step.jpeg,174,0,0
1.71406E+12,178,forms/favicon.ico-32,200,OK,Thread Group 1-4,text,TRUE,,1939,583,10,10,https://demoqa.com/favicon.ico,178,0,0
1.71406E+12,4191,forms/bundle.js-24,200,OK,Thread Group 1-8,text,TRUE,,826076,521,10,10,https://demoqa.com/bundle.js,407,0,0
1.71406E+12,174,forms/favicon.ico-34,200,OK,Thread Group 1-9,text,TRUE,,1939,588,10,10,https://demoqa.com/favicon.ico,174,0,0
1.71406E+12,175,forms/favicon.ico-34,200,OK,Thread Group 1-1,text,TRUE,,1939,588,10,10,https://demoqa.com/favicon.ico,175,0,0
1.71406E+12,535,forms/main.css-27,200,OK,Thread Group 1-10,text,TRUE,,54914,534,10,10,https://demoqa.com/main.css,361,0,0
1.71406E+12,34,forms/generate_204-17,204,No Content,Thread Group 1-7,,FALSE,"The result was the wrong size: It was 127 bytes, but should have been greater or equal to 500 bytes.",127,310,10,10,http://www.gstatic.com/generate_204,0,0,0
1.71406E+12,177,forms/favicon.ico-25,200,OK,Thread Group 1-8,text,TRUE,,1939,583,10,10,https://demoqa.com/favicon.ico,177,0,0
1.71406E+12,510,forms/main.css-27,200,OK,Thread Group 1-5,text,TRUE,,54914,534,10,10,https://demoqa.com/main.css,338,0,0
1.71406E+12,171,forms/images/Toolsqa.jpg-35,200,OK,Thread Group 1-9,bin,TRUE,,7545,595,10,10,https://demoqa.com/images/Toolsqa.jpg,171,0,0
1.71406E+12,173,forms/images/gplaypattern.jpg-33,200,OK,Thread Group 1-4,bin,TRUE,,4543,603,10,10,https://demoqa.com/images/gplaypattern.jpg,173,0,0
1.71406E+12,39,forms/MFEwTzBNMEswSTAJBgUrDgMCGgUABBRr2bwARTxMtEy9aspRAZg5QFhagQQUgrrWPZfOn89x6JI3r%2F2ztWk1V88CEDWvt3udNB9q%2FI%2BERqsxNSs%3D-18,200,OK,Thread Group 1-7,text,TRUE,,1181,268,10,10,http://ocsp.entrust.net/MFEwTzBNMEswSTAJBgUrDgMCGgUABBRr2bwARTxMtEy9aspRAZg5QFhagQQUgrrWPZfOn89x6JI3r%2F2ztWk1V88CEDWvt3udNB9q%2FI%2BERqsxNSs%3D,39,0,16
1.71406E+12,186,forms/images/Toolsqa.jpg-35,200,OK,Thread Group 1-1,bin,TRUE,,7545,595,10,10,https://demoqa.com/images/Toolsqa.jpg,186,0,0
1.71406E+12,63,forms/-19,200,OK,Thread Group 1-7,text,TRUE,,1006,146,10,10,http://x1.c.lencr.org/,63,0,29
1.71406E+12,1265,forms/bundle.js-24,200,OK,Thread Group 1-6,text,TRUE,,826076,521,10,10,https://demoqa.com/bundle.js,176,0,0
1.71406E+12,176,forms/favicon.ico-34,200,OK,Thread Group 1-4,text,TRUE,,1939,588,10,10,https://demoqa.com/favicon.ico,176,0,0
1.71406E+12,253,forms/-26,200,OK,Thread Group 1-8,text,TRUE,,1939,686,10,10,https://demoqa.com/,253,0,0
1.71406E+12,214,forms/images/zero-step.jpeg-36,200,OK,Thread Group 1-1,bin,TRUE,,11645,598,10,10,https://demoqa.com/images/zero-step.jpeg,214,0,0
1.71406E+12,1901,forms/images/WB.svg-31,200,OK,Thread Group 1-2,text,TRUE,,477335,585,10,10,https://demoqa.com/images/WB.svg,341,0,0
1.71406E+12,189,forms/images/Toolsqa.jpg-35,200,OK,Thread Group 1-4,bin,TRUE,,7545,595,10,10,https://demoqa.com/images/Toolsqa.jpg,189,0,0
1.71406E+12,218,forms/favicon.ico-25,200,OK,Thread Group 1-6,text,TRUE,,1939,583,10,10,https://demoqa.com/favicon.ico,218,0,0
1.71406E+12,1930,forms/images/WB.svg-31,200,OK,Thread Group 1-3,text,TRUE,,477335,585,10,10,https://demoqa.com/images/WB.svg,343,0,0
1.71406E+12,220,forms/favicon.ico-37,200,OK,Thread Group 1-1,text,TRUE,,1939,607,10,10,https://demoqa.com/favicon.ico,220,0,0
1.71406E+12,474,forms/msdownload/update/v3/static/trustedr/en/authrootstl.cab-20,200,OK,Thread Group 1-7,text,TRUE,,70413,196,10,10,http://ctldl.windowsupdate.com/msdownload/update/v3/static/trustedr/en/authrootstl.cab?8da0a58c7b4418f8,458,0,246
1.71406E+12,248,forms/favicon.ico-32,200,OK,Thread Group 1-2,text,TRUE,,1939,583,10,10,https://demoqa.com/favicon.ico,248,0,0
1.71406E+12,248,forms/images/zero-step.jpeg-36,200,OK,Thread Group 1-4,bin,TRUE,,11645,598,10,10,https://demoqa.com/images/zero-step.jpeg,248,0,0
1.71406E+12,669,forms/main.css-27,200,OK,Thread Group 1-8,text,TRUE,,54914,534,10,10,https://demoqa.com/main.css,440,0,0
1.71406E+12,218,forms/-26,200,OK,Thread Group 1-6,text,TRUE,,1939,686,10,10,https://demoqa.com/,217,0,0
1.71406E+12,1,forms/msdownload/update/v3/static/trustedr/en/disallowedcertstl.cab-21,Non HTTP response code: org.apache.http.NoHttpResponseException,Non HTTP response message: ctldl.windowsupdate.com:80 failed to respond,Thread Group 1-7,text,FALSE,Test failed: code expected to contain /200/,2103,0,10,10,http://ctldl.windowsupdate.com/msdownload/update/v3/static/trustedr/en/disallowedcertstl.cab?5bcf1fd4a14397e1,0,0,0
1.71406E+12,197,forms/favicon.ico-32,200,OK,Thread Group 1-3,text,TRUE,,1939,583,10,10,https://demoqa.com/favicon.ico,197,0,0
1.71406E+12,1451,forms/images/zero-step.jpeg-36,200,OK,Thread Group 1-9,bin,TRUE,,11645,598,10,10,https://demoqa.com/images/zero-step.jpeg,1451,0,0
1.71406E+12,408,forms/canonical.html-46,200,OK,Thread Group 1-1,text,FALSE,"The result was the wrong size: It was 298 bytes, but should have been greater or equal to 500 bytes.",298,303,10,10,http://detectportal.firefox.com/canonical.html,408,0,304
1.71406E+12,180,forms/favicon.ico-37,200,OK,Thread Group 1-4,text,TRUE,,1939,607,10,10,https://demoqa.com/favicon.ico,179,0,0
1.71406E+12,376,forms/images/gplaypattern.jpg-33,200,OK,Thread Group 1-2,bin,TRUE,,4543,603,10,10,https://demoqa.com/images/gplaypattern.jpg,376,0,0
1.71406E+12,300,forms/-22,200,OK,Thread Group 1-7,text,TRUE,,1939,686,10,10,https://demoqa.com/,300,0,0
1.71406E+12,72,forms/success.txt-48,200,OK,Thread Group 1-1,text,FALSE,"The result was the wrong size: It was 216 bytes, but should have been greater or equal to 500 bytes.",216,305,10,10,http://detectportal.firefox.com/success.txt?ipv6,72,0,0
1.71406E+12,349,forms/favicon.ico-37,200,OK,Thread Group 1-9,text,TRUE,,1939,607,10,10,https://demoqa.com/favicon.ico,348,0,0
1.71406E+12,544,forms/main.css-27,200,OK,Thread Group 1-6,text,TRUE,,54914,534,10,10,https://demoqa.com/main.css,361,0,0
1.71406E+12,57,forms/canonical.html-46,200,OK,Thread Group 1-4,text,FALSE,"The result was the wrong size: It was 298 bytes, but should have been greater or equal to 500 bytes.",298,303,10,10,http://detectportal.firefox.com/canonical.html,57,0,38
1.71406E+12,80,forms/success.txt-47,200,OK,Thread Group 1-1,text,FALSE,"The result was the wrong size: It was 216 bytes, but should have been greater or equal to 500 bytes.",216,305,10,10,http://detectportal.firefox.com/success.txt?ipv4,80,0,0
1.71406E+12,2607,forms/bundle.js-28,200,OK,Thread Group 1-5,text,TRUE,,826076,521,10,10,https://demoqa.com/bundle.js,222,0,0
1.71406E+12,201,forms/favicon.ico-34,200,OK,Thread Group 1-2,text,TRUE,,1939,588,10,10,https://demoqa.com/favicon.ico,201,0,0
1.71406E+12,84,forms/success.txt-48,200,OK,Thread Group 1-4,text,FALSE,"The result was the wrong size: It was 216 bytes, but should have been greater or equal to 500 bytes.",216,305,10,10,http://detectportal.firefox.com/success.txt?ipv6,84,0,0
1.71406E+12,115,forms/canonical.html-46,200,OK,Thread Group 1-9,text,FALSE,"The result was the wrong size: It was 298 bytes, but should have been greater or equal to 500 bytes.",298,303,10,10,http://detectportal.firefox.com/canonical.html,114,0,98
1.71406E+12,1117,forms/images/gplaypattern.jpg-33,200,OK,Thread Group 1-3,bin,TRUE,,4543,603,10,10,https://demoqa.com/images/gplaypattern.jpg,1117,0,0
1.71406E+12,610,forms/main.css-23,200,OK,Thread Group 1-7,text,TRUE,,54914,534,10,10,https://demoqa.com/main.css,418,0,0
1.71406E+12,61,forms/success.txt-48,200,OK,Thread Group 1-9,text,FALSE,"The result was the wrong size: It was 216 bytes, but should have been greater or equal to 500 bytes.",216,305,10,10,http://detectportal.firefox.com/success.txt?ipv6,61,0,0
1.71406E+12,45,forms/success.txt-47,200,OK,Thread Group 1-4,text,FALSE,"The result was the wrong size: It was 216 bytes, but should have been greater or equal to 500 bytes.",216,305,10,10,http://detectportal.firefox.com/success.txt?ipv4,45,0,0
1.71406E+12,240,forms/images/gplaypattern.jpg-29,200,OK,Thread Group 1-5,bin,TRUE,,4543,603,10,10,https://demoqa.com/images/gplaypattern.jpg,240,0,0
1.71406E+12,228,forms/images/Toolsqa.jpg-35,200,OK,Thread Group 1-2,bin,TRUE,,7545,595,10,10,https://demoqa.com/images/Toolsqa.jpg,228,0,0
1.71406E+12,203,forms/favicon.ico-34,200,OK,Thread Group 1-3,text,TRUE,,1939,588,10,10,https://demoqa.com/favicon.ico,202,0,0
1.71406E+12,436,forms/-49,400,Bad Request,Thread Group 1-1,text,FALSE,"The result was the wrong size: It was 200 bytes, but should have been greater or equal to 500 bytes.",200,478,10,10,http://r3.o.lencr.org/,436,0,28
1.71406E+12,94,forms/success.txt-47,200,OK,Thread Group 1-9,text,FALSE,"The result was the wrong size: It was 216 bytes, but should have been greater or equal to 500 bytes.",216,305,10,10,http://detectportal.firefox.com/success.txt?ipv4,94,0,0
1.71406E+12,51,forms/canonical.html-50,200,OK,Thread Group 1-1,text,FALSE,"The result was the wrong size: It was 298 bytes, but should have been greater or equal to 500 bytes.",298,303,10,10,http://detectportal.firefox.com/canonical.html,51,0,0
1.71406E+12,188,forms/images/Toolsqa.jpg-30,200,OK,Thread Group 1-5,bin,TRUE,,7545,590,10,10,https://demoqa.com/images/Toolsqa.jpg,188,0,0
1.71406E+12,189,forms/images/zero-step.jpeg-36,200,OK,Thread Group 1-2,bin,TRUE,,11645,598,10,10,https://demoqa.com/images/zero-step.jpeg,189,0,0
1.71406E+12,383,forms/-49,400,Bad Request,Thread Group 1-4,text,FALSE,"The result was the wrong size: It was 200 bytes, but should have been greater or equal to 500 bytes.",200,478,10,10,http://r3.o.lencr.org/,383,0,62
1.71406E+12,202,forms/images/Toolsqa.jpg-35,200,OK,Thread Group 1-3,bin,TRUE,,7545,595,10,10,https://demoqa.com/images/Toolsqa.jpg,202,0,0
1.71406E+12,4459,forms/bundle.js-28,200,OK,Thread Group 1-10,text,TRUE,,826076,521,10,10,https://demoqa.com/bundle.js,200,0,0
1.71406E+12,109,forms/success.txt-52,200,OK,Thread Group 1-1,text,FALSE,"The result was the wrong size: It was 216 bytes, but should have been greater or equal to 500 bytes.",216,305,10,10,http://detectportal.firefox.com/success.txt?ipv6,109,0,0
1.71406E+12,1641,forms/bundle.js-28,200,OK,Thread Group 1-6,text,TRUE,,826076,521,10,10,https://demoqa.com/bundle.js,179,0,0
1.71406E+12,75,forms/canonical.html-50,200,OK,Thread Group 1-4,text,FALSE,"The result was the wrong size: It was 298 bytes, but should have been greater or equal to 500 bytes.",298,303,10,10,http://detectportal.firefox.com/canonical.html,75,0,0
1.71406E+12,187,forms/favicon.ico-37,200,OK,Thread Group 1-2,text,TRUE,,1939,607,10,10,https://demoqa.com/favicon.ico,187,0,0
1.71406E+12,439,forms/-49,400,Bad Request,Thread Group 1-9,text,FALSE,"The result was the wrong size: It was 200 bytes, but should have been greater or equal to 500 bytes.",200,478,10,10,http://r3.o.lencr.org/,438,0,23
1.71406E+12,53,forms/success.txt-51,200,OK,Thread Group 1-1,text,FALSE,"The result was the wrong size: It was 216 bytes, but should have been greater or equal to 500 bytes.",216,305,10,10,http://detectportal.firefox.com/success.txt?ipv4,53,0,0
1.71406E+12,396,forms/images/zero-step.jpeg-36,200,OK,Thread Group 1-3,bin,TRUE,,11645,598,10,10,https://demoqa.com/images/zero-step.jpeg,396,0,0
1.71406E+12,180,forms/images/gplaypattern.jpg-29,200,OK,Thread Group 1-10,bin,TRUE,,4543,603,10,10,https://demoqa.com/images/gplaypattern.jpg,180,0,0
1.71406E+12,76,forms/success.txt-52,200,OK,Thread Group 1-4,text,FALSE,"The result was the wrong size: It was 216 bytes, but should have been greater or equal to 500 bytes.",216,305,10,10,http://detectportal.firefox.com/success.txt?ipv6,76,0,0
1.71406E+12,176,forms/images/gplaypattern.jpg-29,200,OK,Thread Group 1-6,bin,TRUE,,4543,603,10,10,https://demoqa.com/images/gplaypattern.jpg,176,0,0
1.71406E+12,48,forms/canonical.html-46,200,OK,Thread Group 1-2,text,FALSE,"The result was the wrong size: It was 298 bytes, but should have been greater or equal to 500 bytes.",298,303,10,10,http://detectportal.firefox.com/canonical.html,48,0,25
1.71406E+12,31,forms/canonical.html-50,200,OK,Thread Group 1-9,text,FALSE,"The result was the wrong size: It was 298 bytes, but should have been greater or equal to 500 bytes.",298,303,10,10,http://detectportal.firefox.com/canonical.html,31,0,0
1.71406E+12,3243,forms/bundle.js-28,200,OK,Thread Group 1-8,text,TRUE,,826076,521,10,10,https://demoqa.com/bundle.js,392,0,0
1.71406E+12,89,forms/success.txt-51,200,OK,Thread Group 1-4,text,FALSE,"The result was the wrong size: It was 216 bytes, but should have been greater or equal to 500 bytes.",216,305,10,10,http://detectportal.firefox.com/success.txt?ipv4,89,0,0
1.71406E+12,42,forms/success.txt-48,200,OK,Thread Group 1-2,text,FALSE,"The result was the wrong size: It was 216 bytes, but should have been greater or equal to 500 bytes.",216,305,10,10,http://detectportal.firefox.com/success.txt?ipv6,42,0,0
1.71406E+12,262,forms/images/Toolsqa.jpg-30,200,OK,Thread Group 1-10,bin,TRUE,,7545,590,10,10,https://demoqa.com/images/Toolsqa.jpg,262,0,0
1.71406E+12,231,forms/favicon.ico-37,200,OK,Thread Group 1-3,text,TRUE,,1939,607,10,10,https://demoqa.com/favicon.ico,231,0,0
1.71406E+12,247,widgets/favicon.ico-38,200,OK,Thread Group 1-1,text,TRUE,,1939,588,10,10,https://demoqa.com/favicon.ico,247,0,0
1.71406E+12,58,forms/success.txt-52,200,OK,Thread Group 1-9,text,FALSE,"The result was the wrong size: It was 216 bytes, but should have been greater or equal to 500 bytes.",216,305,10,10,http://detectportal.firefox.com/success.txt?ipv6,58,0,0
1.71406E+12,211,forms/images/Toolsqa.jpg-30,200,OK,Thread Group 1-6,bin,TRUE,,7545,590,10,10,https://demoqa.com/images/Toolsqa.jpg,211,0,0
1.71406E+12,170,forms/images/gplaypattern.jpg-29,200,OK,Thread Group 1-8,bin,TRUE,,4543,603,10,10,https://demoqa.com/images/gplaypattern.jpg,170,0,0
1.71406E+12,21,forms/success.txt-47,200,OK,Thread Group 1-2,text,FALSE,"The result was the wrong size: It was 216 bytes, but should have been greater or equal to 500 bytes.",216,305,10,10,http://detectportal.firefox.com/success.txt?ipv4,21,0,0
1.71406E+12,42,forms/canonical.html-46,200,OK,Thread Group 1-3,text,FALSE,"The result was the wrong size: It was 298 bytes, but should have been greater or equal to 500 bytes.",298,303,10,10,http://detectportal.firefox.com/canonical.html,42,0,15
1.71406E+12,23,forms/success.txt-51,200,OK,Thread Group 1-9,text,FALSE,"The result was the wrong size: It was 216 bytes, but should have been greater or equal to 500 bytes.",216,305,10,10,http://detectportal.firefox.com/success.txt?ipv4,23,0,0
1.71406E+12,190,widgets/favicon.ico-38,200,OK,Thread Group 1-4,text,TRUE,,1939,588,10,10,https://demoqa.com/favicon.ico,190,0,0
1.71406E+12,175,widgets/images/Toolsqa.jpg-41,200,OK,Thread Group 1-1,bin,TRUE,,7545,590,10,10,https://demoqa.com/images/Toolsqa.jpg,175,0,0
1.71406E+12,25,forms/success.txt-48,200,OK,Thread Group 1-3,text,FALSE,"The result was the wrong size: It was 216 bytes, but should have been greater or equal to 500 bytes.",216,305,10,10,http://detectportal.firefox.com/success.txt?ipv6,25,0,0
1.71406E+12,189,forms/images/Toolsqa.jpg-30,200,OK,Thread Group 1-8,bin,TRUE,,7545,590,10,10,https://demoqa.com/images/Toolsqa.jpg,189,0,0
1.71406E+12,327,forms/-49,400,Bad Request,Thread Group 1-2,text,FALSE,"The result was the wrong size: It was 200 bytes, but should have been greater or equal to 500 bytes.",200,478,10,10,http://r3.o.lencr.org/,327,0,15
1.71406E+12,178,widgets/images/Toolsqa.jpg-41,200,OK,Thread Group 1-4,bin,TRUE,,7545,590,10,10,https://demoqa.com/images/Toolsqa.jpg,178,0,0
1.71406E+12,189,widgets/favicon.ico-38,200,OK,Thread Group 1-9,text,TRUE,,1939,588,10,10,https://demoqa.com/favicon.ico,188,0,0
1.71406E+12,173,widgets/favicon.ico-39,200,OK,Thread Group 1-1,text,TRUE,,1939,583,10,10,https://demoqa.com/favicon.ico,173,0,0
1.71406E+12,25,forms/success.txt-47,200,OK,Thread Group 1-3,text,FALSE,"The result was the wrong size: It was 216 bytes, but should have been greater or equal to 500 bytes.",216,305,10,10,http://detectportal.firefox.com/success.txt?ipv4,25,0,0
1.71406E+12,16,forms/canonical.html-50,200,OK,Thread Group 1-2,text,FALSE,"The result was the wrong size: It was 298 bytes, but should have been greater or equal to 500 bytes.",298,303,10,10,http://detectportal.firefox.com/canonical.html,16,0,0
1.71406E+12,2414,forms/images/WB.svg-31,200,OK,Thread Group 1-5,text,TRUE,,477335,585,10,10,https://demoqa.com/images/WB.svg,406,0,0
1.71406E+12,967,forms/images/WB.svg-31,200,OK,Thread Group 1-6,text,TRUE,,477335,585,10,10,https://demoqa.com/images/WB.svg,202,0,0
1.71406E+12,174,widgets/favicon.ico-39,200,OK,Thread Group 1-4,text,TRUE,,1939,583,10,10,https://demoqa.com/favicon.ico,174,0,0
1.71406E+12,267,widgets/images/Toolsqa.jpg-41,200,OK,Thread Group 1-9,bin,TRUE,,7545,590,10,10,https://demoqa.com/images/Toolsqa.jpg,267,0,0
1.71406E+12,47,forms/success.txt-52,200,OK,Thread Group 1-2,text,FALSE,"The result was the wrong size: It was 216 bytes, but should have been greater or equal to 500 bytes.",216,305,10,10,http://detectportal.firefox.com/success.txt?ipv6,47,0,0
1.71406E+12,327,forms/-49,400,Bad Request,Thread Group 1-3,text,FALSE,"The result was the wrong size: It was 200 bytes, but should have been greater or equal to 500 bytes.",200,478,10,10,http://r3.o.lencr.org/,326,0,5
1.71406E+12,1589,forms/images/WB.svg-31,200,OK,Thread Group 1-10,text,TRUE,,477335,585,10,10,https://demoqa.com/images/WB.svg,346,0,0
1.71406E+12,254,forms/favicon.ico-32,200,OK,Thread Group 1-5,text,TRUE,,1939,583,10,10,https://demoqa.com/favicon.ico,254,0,0
1.71406E+12,176,forms/favicon.ico-32,200,OK,Thread Group 1-6,text,TRUE,,1939,583,10,10,https://demoqa.com/favicon.ico,176,0,0
1.71406E+12,96,forms/success.txt-51,200,OK,Thread Group 1-2,text,FALSE,"The result was the wrong size: It was 216 bytes, but should have been greater or equal to 500 bytes.",216,305,10,10,http://detectportal.firefox.com/success.txt?ipv4,96,0,0
1.71406E+12,35,forms/canonical.html-50,200,OK,Thread Group 1-3,text,FALSE,"The result was the wrong size: It was 298 bytes, but should have been greater or equal to 500 bytes.",298,303,10,10,http://detectportal.firefox.com/canonical.html,35,0,0
1.71406E+12,233,widgets/favicon.ico-39,200,OK,Thread Group 1-9,text,TRUE,,1939,583,10,10,https://demoqa.com/favicon.ico,233,0,0
1.71406E+12,205,forms/favicon.ico-32,200,OK,Thread Group 1-10,text,TRUE,,1939,583,10,10,https://demoqa.com/favicon.ico,205,0,0
1.71406E+12,174,forms/images/gplaypattern.jpg-33,200,OK,Thread Group 1-6,bin,TRUE,,4543,603,10,10,https://demoqa.com/images/gplaypattern.jpg,174,0,0
1.71406E+12,172,forms/images/gplaypattern.jpg-33,200,OK,Thread Group 1-5,bin,TRUE,,4543,603,10,10,https://demoqa.com/images/gplaypattern.jpg,172,0,0
1.71406E+12,17,forms/success.txt-52,200,OK,Thread Group 1-3,text,FALSE,"The result was the wrong size: It was 216 bytes, but should have been greater or equal to 500 bytes.",216,305,10,10,http://detectportal.firefox.com/success.txt?ipv6,17,0,0
1.71406E+12,177,widgets/favicon.ico-38,200,OK,Thread Group 1-2,text,TRUE,,1939,588,10,10,https://demoqa.com/favicon.ico,177,0,0
1.71406E+12,18,forms/success.txt-51,200,OK,Thread Group 1-3,text,FALSE,"The result was the wrong size: It was 216 bytes, but should have been greater or equal to 500 bytes.",216,305,10,10,http://detectportal.firefox.com/success.txt?ipv4,18,0,0
1.71406E+12,175,forms/images/gplaypattern.jpg-33,200,OK,Thread Group 1-10,bin,TRUE,,4543,603,10,10,https://demoqa.com/images/gplaypattern.jpg,175,0,0
1.71406E+12,184,forms/favicon.ico-34,200,OK,Thread Group 1-6,text,TRUE,,1939,588,10,10,https://demoqa.com/favicon.ico,184,0,0
1.71406E+12,173,forms/favicon.ico-34,200,OK,Thread Group 1-5,text,TRUE,,1939,588,10,10,https://demoqa.com/favicon.ico,173,0,0
1.71406E+12,1905,forms/images/WB.svg-31,200,OK,Thread Group 1-8,text,TRUE,,477335,585,10,10,https://demoqa.com/images/WB.svg,458,0,0
1.71406E+12,171,widgets/images/Toolsqa.jpg-41,200,OK,Thread Group 1-2,bin,TRUE,,7545,590,10,10,https://demoqa.com/images/Toolsqa.jpg,171,0,0
1.71406E+12,1878,widgets/images/WB.svg-40,200,OK,Thread Group 1-1,text,TRUE,,477335,585,10,10,https://demoqa.com/images/WB.svg,516,0,0
1.71406E+12,182,widgets/favicon.ico-38,200,OK,Thread Group 1-3,text,TRUE,,1939,588,10,10,https://demoqa.com/favicon.ico,182,0,0
1.71406E+12,5294,forms/bundle.js-24,200,OK,Thread Group 1-7,text,TRUE,,826076,521,10,10,https://demoqa.com/bundle.js,391,0,0
1.71406E+12,179,forms/favicon.ico-34,200,OK,Thread Group 1-10,text,TRUE,,1939,588,10,10,https://demoqa.com/favicon.ico,179,0,0
1.71406E+12,178,forms/images/Toolsqa.jpg-35,200,OK,Thread Group 1-6,bin,TRUE,,7545,595,10,10,https://demoqa.com/images/Toolsqa.jpg,178,0,0
1.71406E+12,174,forms/images/Toolsqa.jpg-35,200,OK,Thread Group 1-5,bin,TRUE,,7545,595,10,10,https://demoqa.com/images/Toolsqa.jpg,174,0,0
1.71406E+12,169,forms/favicon.ico-32,200,OK,Thread Group 1-8,text,TRUE,,1939,583,10,10,https://demoqa.com/favicon.ico,169,0,0
1.71406E+12,173,widgets/favicon.ico-39,200,OK,Thread Group 1-2,text,TRUE,,1939,583,10,10,https://demoqa.com/favicon.ico,173,0,0
1.71406E+12,175,widgets/favicon.ico-42,200,OK,Thread Group 1-1,text,TRUE,,1939,590,10,10,https://demoqa.com/favicon.ico,175,0,0
1.71406E+12,173,widgets/images/Toolsqa.jpg-41,200,OK,Thread Group 1-3,bin,TRUE,,7545,590,10,10,https://demoqa.com/images/Toolsqa.jpg,173,0,0
1.71406E+12,172,forms/images/Toolsqa.jpg-35,200,OK,Thread Group 1-10,bin,TRUE,,7545,595,10,10,https://demoqa.com/images/Toolsqa.jpg,172,0,0
1.71406E+12,2201,widgets/images/WB.svg-40,200,OK,Thread Group 1-4,text,TRUE,,477335,585,10,10,https://demoqa.com/images/WB.svg,375,0,0
1.71406E+12,177,forms/favicon.ico-25,200,OK,Thread Group 1-7,text,TRUE,,1939,583,10,10,https://demoqa.com/favicon.ico,177,0,0
1.71406E+12,178,forms/images/zero-step.jpeg-36,200,OK,Thread Group 1-6,bin,TRUE,,11645,598,10,10,https://demoqa.com/images/zero-step.jpeg,178,0,0
1.71406E+12,169,forms/images/zero-step.jpeg-36,200,OK,Thread Group 1-5,bin,TRUE,,11645,598,10,10,https://demoqa.com/images/zero-step.jpeg,169,0,0
1.71406E+12,169,forms/images/gplaypattern.jpg-33,200,OK,Thread Group 1-8,bin,TRUE,,4543,603,10,10,https://demoqa.com/images/gplaypattern.jpg,169,0,0
1.71406E+12,174,widgets/images/zero-step.jpeg-43,200,OK,Thread Group 1-1,bin,TRUE,,11645,600,10,10,https://demoqa.com/images/zero-step.jpeg,174,0,0
1.71406E+12,175,widgets/favicon.ico-39,200,OK,Thread Group 1-3,text,TRUE,,1939,583,10,10,https://demoqa.com/favicon.ico,174,0,0
1.71406E+12,179,forms/images/zero-step.jpeg-36,200,OK,Thread Group 1-10,bin,TRUE,,11645,598,10,10,https://demoqa.com/images/zero-step.jpeg,179,0,0
1.71406E+12,179,widgets/favicon.ico-42,200,OK,Thread Group 1-4,text,TRUE,,1939,590,10,10,https://demoqa.com/favicon.ico,179,0,0
1.71406E+12,172,forms/-26,200,OK,Thread Group 1-7,text,TRUE,,1939,686,10,10,https://demoqa.com/,172,0,0
1.71406E+12,170,forms/favicon.ico-37,200,OK,Thread Group 1-5,text,TRUE,,1939,607,10,10,https://demoqa.com/favicon.ico,170,0,0
1.71406E+12,185,forms/favicon.ico-34,200,OK,Thread Group 1-8,text,TRUE,,1939,588,10,10,https://demoqa.com/favicon.ico,185,0,0
1.71406E+12,187,forms/favicon.ico-37,200,OK,Thread Group 1-6,text,TRUE,,1939,607,10,10,https://demoqa.com/favicon.ico,187,0,0
1.71406E+12,37,forms/canonical.html-46,200,OK,Thread Group 1-5,text,FALSE,"The result was the wrong size: It was 298 bytes, but should have been greater or equal to 500 bytes.",298,303,10,10,http://detectportal.firefox.com/canonical.html,37,0,14
1.71406E+12,187,widgets/favicon.ico-44,200,OK,Thread Group 1-1,text,TRUE,,1939,596,10,10,https://demoqa.com/favicon.ico,187,0,0
1.71406E+12,185,forms/favicon.ico-37,200,OK,Thread Group 1-10,text,TRUE,,1939,607,10,10,https://demoqa.com/favicon.ico,184,0,0
1.71406E+12,177,widgets/images/zero-step.jpeg-43,200,OK,Thread Group 1-4,bin,TRUE,,11645,600,10,10,https://demoqa.com/images/zero-step.jpeg,177,0,0
1.71406E+12,115,forms/canonical.html-46,200,OK,Thread Group 1-6,text,FALSE,"The result was the wrong size: It was 298 bytes, but should have been greater or equal to 500 bytes.",298,303,10,10,http://detectportal.firefox.com/canonical.html,115,0,99
1.71406E+12,209,forms/images/Toolsqa.jpg-35,200,OK,Thread Group 1-8,bin,TRUE,,7545,595,10,10,https://demoqa.com/images/Toolsqa.jpg,209,0,0
1.71406E+12,19,forms/success.txt-48,200,OK,Thread Group 1-5,text,FALSE,"The result was the wrong size: It was 216 bytes, but should have been greater or equal to 500 bytes.",216,305,10,10,http://detectportal.firefox.com/success.txt?ipv6,19,0,0
1.71406E+12,508,forms/main.css-27,200,OK,Thread Group 1-7,text,TRUE,,54914,534,10,10,https://demoqa.com/main.css,339,0,0
1.71406E+12,31,forms/canonical.html-46,200,OK,Thread Group 1-10,text,FALSE,"The result was the wrong size: It was 298 bytes, but should have been greater or equal to 500 bytes.",298,303,10,10,http://detectportal.firefox.com/canonical.html,31,0,15
1.71406E+12,1390,widgets/images/WB.svg-40,200,OK,Thread Group 1-2,text,TRUE,,477335,585,10,10,https://demoqa.com/images/WB.svg,350,0,0
1.71406E+12,28,forms/success.txt-48,200,OK,Thread Group 1-6,text,FALSE,"The result was the wrong size: It was 216 bytes, but should have been greater or equal to 500 bytes.",216,305,10,10,http://detectportal.firefox.com/success.txt?ipv6,28,0,0
1.71406E+12,179,widgets/favicon.ico-45,200,OK,Thread Group 1-1,text,TRUE,,1939,595,10,10,https://demoqa.com/favicon.ico,179,0,0
1.71406E+12,188,widgets/favicon.ico-44,200,OK,Thread Group 1-4,text,TRUE,,1939,596,10,10,https://demoqa.com/favicon.ico,188,0,0
1.71406E+12,19,forms/success.txt-47,200,OK,Thread Group 1-5,text,FALSE,"The result was the wrong size: It was 216 bytes, but should have been greater or equal to 500 bytes.",216,305,10,10,http://detectportal.firefox.com/success.txt?ipv4,19,0,0
1.71406E+12,171,forms/images/zero-step.jpeg-36,200,OK,Thread Group 1-8,bin,TRUE,,11645,598,10,10,https://demoqa.com/images/zero-step.jpeg,171,0,0
1.71406E+12,20,forms/success.txt-48,200,OK,Thread Group 1-10,text,FALSE,"The result was the wrong size: It was 216 bytes, but should have been greater or equal to 500 bytes.",216,305,10,10,http://detectportal.firefox.com/success.txt?ipv6,20,0,0
1.71406E+12,25,forms/success.txt-47,200,OK,Thread Group 1-6,text,FALSE,"The result was the wrong size: It was 216 bytes, but should have been greater or equal to 500 bytes.",216,305,10,10,http://detectportal.firefox.com/success.txt?ipv4,25,0,0
1.71406E+12,173,widgets/favicon.ico-42,200,OK,Thread Group 1-2,text,TRUE,,1939,590,10,10,https://demoqa.com/favicon.ico,173,0,0
1.71406E+12,176,widgets/favicon.ico-45,200,OK,Thread Group 1-4,text,TRUE,,1939,595,10,10,https://demoqa.com/favicon.ico,176,0,0
1.71406E+12,18,forms/success.txt-47,200,OK,Thread Group 1-10,text,FALSE,"The result was the wrong size: It was 216 bytes, but should have been greater or equal to 500 bytes.",216,305,10,10,http://detectportal.firefox.com/success.txt?ipv4,18,0,0
1.71406E+12,176,forms/favicon.ico-37,200,OK,Thread Group 1-8,text,TRUE,,1939,607,10,10,https://demoqa.com/favicon.ico,176,0,0
1.71406E+12,340,Credentials username password  ,200,,Thread Group 1-1,text,FALSE,"The result was the wrong size: It was 0 bytes, but should have been greater or equal to 500 bytes.",0,0,10,10,null,0,0,0
1.71406E+12,185,widgets/images/zero-step.jpeg-43,200,OK,Thread Group 1-2,bin,TRUE,,11645,600,9,9,https://demoqa.com/images/zero-step.jpeg,185,0,0
1.71406E+12,42,forms/canonical.html-46,200,OK,Thread Group 1-8,text,FALSE,"The result was the wrong size: It was 298 bytes, but should have been greater or equal to 500 bytes.",298,303,9,9,http://detectportal.firefox.com/canonical.html,42,0,18
1.71406E+12,279,Credentials admin admin@123 ,200,,Thread Group 1-4,text,FALSE,"The result was the wrong size: It was 0 bytes, but should have been greater or equal to 500 bytes.",0,0,9,9,null,0,0,0
1.71406E+12,851,forms/-49,400,Bad Request,Thread Group 1-5,text,FALSE,"The result was the wrong size: It was 200 bytes, but should have been greater or equal to 500 bytes.",200,478,8,8,http://r3.o.lencr.org/,851,0,11
1.71406E+12,4499,widgets/images/WB.svg-40,200,OK,Thread Group 1-9,text,TRUE,,477335,585,8,8,https://demoqa.com/images/WB.svg,387,0,0
1.71406E+12,182,widgets/favicon.ico-44,200,OK,Thread Group 1-2,text,TRUE,,1939,596,8,8,https://demoqa.com/favicon.ico,182,0,0
1.71406E+12,20,forms/success.txt-48,200,OK,Thread Group 1-8,text,FALSE,"The result was the wrong size: It was 216 bytes, but should have been greater or equal to 500 bytes.",216,305,8,8,http://detectportal.firefox.com/success.txt?ipv6,19,0,0
1.71406E+12,868,forms/-49,400,Bad Request,Thread Group 1-6,text,FALSE,"The result was the wrong size: It was 200 bytes, but should have been greater or equal to 500 bytes.",200,478,8,8,http://r3.o.lencr.org/,868,0,5
1.71406E+12,17,forms/canonical.html-50,200,OK,Thread Group 1-5,text,FALSE,"The result was the wrong size: It was 298 bytes, but should have been greater or equal to 500 bytes.",298,303,8,8,http://detectportal.firefox.com/canonical.html,17,0,0
1.71406E+12,834,forms/-49,400,Bad Request,Thread Group 1-10,text,FALSE,"The result was the wrong size: It was 200 bytes, but should have been greater or equal to 500 bytes.",200,478,8,8,http://r3.o.lencr.org/,834,0,11
1.71406E+12,22,forms/success.txt-47,200,OK,Thread Group 1-8,text,FALSE,"The result was the wrong size: It was 216 bytes, but should have been greater or equal to 500 bytes.",216,305,8,8,http://detectportal.firefox.com/success.txt?ipv4,22,0,0
1.71406E+12,28,forms/canonical.html-50,200,OK,Thread Group 1-6,text,FALSE,"The result was the wrong size: It was 298 bytes, but should have been greater or equal to 500 bytes.",298,303,8,8,http://detectportal.firefox.com/canonical.html,28,0,0
1.71406E+12,172,widgets/favicon.ico-42,200,OK,Thread Group 1-9,text,TRUE,,1939,590,8,8,https://demoqa.com/favicon.ico,172,0,0
1.71406E+12,172,widgets/favicon.ico-45,200,OK,Thread Group 1-2,text,TRUE,,1939,595,8,8,https://demoqa.com/favicon.ico,172,0,0
1.71406E+12,17,forms/success.txt-52,200,OK,Thread Group 1-5,text,FALSE,"The result was the wrong size: It was 216 bytes, but should have been greater or equal to 500 bytes.",216,305,8,8,http://detectportal.firefox.com/success.txt?ipv6,17,0,0
1.71406E+12,17,forms/canonical.html-50,200,OK,Thread Group 1-10,text,FALSE,"The result was the wrong size: It was 298 bytes, but should have been greater or equal to 500 bytes.",298,303,8,8,http://detectportal.firefox.com/canonical.html,17,0,0
1.71406E+12,17,forms/success.txt-52,200,OK,Thread Group 1-6,text,FALSE,"The result was the wrong size: It was 216 bytes, but should have been greater or equal to 500 bytes.",216,305,8,8,http://detectportal.firefox.com/success.txt?ipv6,17,0,0
1.71406E+12,17,forms/success.txt-51,200,OK,Thread Group 1-5,text,FALSE,"The result was the wrong size: It was 216 bytes, but should have been greater or equal to 500 bytes.",216,305,8,8,http://detectportal.firefox.com/success.txt?ipv4,17,0,0
1.71406E+12,177,widgets/images/zero-step.jpeg-43,200,OK,Thread Group 1-9,bin,TRUE,,11645,600,8,8,https://demoqa.com/images/zero-step.jpeg,177,0,0
1.71406E+12,235,Credentials user1 user1pswd ,200,,Thread Group 1-2,text,FALSE,"The result was the wrong size: It was 0 bytes, but should have been greater or equal to 500 bytes.",0,0,8,8,null,0,0,0
1.71406E+12,19,forms/success.txt-52,200,OK,Thread Group 1-10,text,FALSE,"The result was the wrong size: It was 216 bytes, but should have been greater or equal to 500 bytes.",216,305,7,7,http://detectportal.firefox.com/success.txt?ipv6,19,0,0
1.71406E+12,19,forms/success.txt-51,200,OK,Thread Group 1-6,text,FALSE,"The result was the wrong size: It was 216 bytes, but should have been greater or equal to 500 bytes.",216,305,7,7,http://detectportal.firefox.com/success.txt?ipv4,19,0,0
1.71406E+12,2760,forms/bundle.js-28,200,OK,Thread Group 1-7,text,TRUE,,826076,521,7,7,https://demoqa.com/bundle.js,172,0,0
1.71406E+12,18,forms/success.txt-51,200,OK,Thread Group 1-10,text,FALSE,"The result was the wrong size: It was 216 bytes, but should have been greater or equal to 500 bytes.",216,305,7,7,http://detectportal.firefox.com/success.txt?ipv4,18,0,0
1.71406E+12,174,widgets/favicon.ico-38,200,OK,Thread Group 1-5,text,TRUE,,1939,588,7,7,https://demoqa.com/favicon.ico,174,0,0
1.71406E+12,845,forms/-49,400,Bad Request,Thread Group 1-8,text,FALSE,"The result was the wrong size: It was 200 bytes, but should have been greater or equal to 500 bytes.",200,478,7,7,http://r3.o.lencr.org/,845,0,7
1.71406E+12,175,widgets/favicon.ico-44,200,OK,Thread Group 1-9,text,TRUE,,1939,596,7,7,https://demoqa.com/favicon.ico,175,0,0
1.71406E+12,176,widgets/favicon.ico-38,200,OK,Thread Group 1-6,text,TRUE,,1939,588,7,7,https://demoqa.com/favicon.ico,176,0,0
1.71406E+12,172,forms/images/gplaypattern.jpg-29,200,OK,Thread Group 1-7,bin,TRUE,,4543,603,7,7,https://demoqa.com/images/gplaypattern.jpg,172,0,0
1.71406E+12,19,forms/canonical.html-50,200,OK,Thread Group 1-8,text,FALSE,"The result was the wrong size: It was 298 bytes, but should have been greater or equal to 500 bytes.",298,303,7,7,http://detectportal.firefox.com/canonical.html,19,0,0
1.71406E+12,4306,widgets/images/WB.svg-40,200,OK,Thread Group 1-3,text,TRUE,,477335,585,7,7,https://demoqa.com/images/WB.svg,353,0,0
1.71406E+12,172,widgets/favicon.ico-38,200,OK,Thread Group 1-10,text,TRUE,,1939,588,7,7,https://demoqa.com/favicon.ico,172,0,0
1.71406E+12,173,widgets/images/Toolsqa.jpg-41,200,OK,Thread Group 1-5,bin,TRUE,,7545,590,7,7,https://demoqa.com/images/Toolsqa.jpg,173,0,0
1.71406E+12,172,widgets/favicon.ico-45,200,OK,Thread Group 1-9,text,TRUE,,1939,595,7,7,https://demoqa.com/favicon.ico,172,0,0
1.71406E+12,176,widgets/images/Toolsqa.jpg-41,200,OK,Thread Group 1-6,bin,TRUE,,7545,590,7,7,https://demoqa.com/images/Toolsqa.jpg,176,0,0
1.71406E+12,23,forms/success.txt-52,200,OK,Thread Group 1-8,text,FALSE,"The result was the wrong size: It was 216 bytes, but should have been greater or equal to 500 bytes.",216,305,7,7,http://detectportal.firefox.com/success.txt?ipv6,23,0,0
1.71406E+12,172,forms/images/Toolsqa.jpg-30,200,OK,Thread Group 1-7,bin,TRUE,,7545,590,7,7,https://demoqa.com/images/Toolsqa.jpg,172,0,0
1.71406E+12,176,widgets/favicon.ico-42,200,OK,Thread Group 1-3,text,TRUE,,1939,590,7,7,https://demoqa.com/favicon.ico,176,0,0
1.71406E+12,181,widgets/images/Toolsqa.jpg-41,200,OK,Thread Group 1-10,bin,TRUE,,7545,590,7,7,https://demoqa.com/images/Toolsqa.jpg,181,0,0
1.71406E+12,171,widgets/favicon.ico-39,200,OK,Thread Group 1-5,text,TRUE,,1939,583,7,7,https://demoqa.com/favicon.ico,170,0,0
1.71406E+12,108,Credentials username password  ,200,,Thread Group 1-9,text,FALSE,"The result was the wrong size: It was 0 bytes, but should have been greater or equal to 500 bytes.",0,0,7,7,null,0,0,0
1.71406E+12,31,forms/success.txt-51,200,OK,Thread Group 1-8,text,FALSE,"The result was the wrong size: It was 216 bytes, but should have been greater or equal to 500 bytes.",216,305,6,6,http://detectportal.firefox.com/success.txt?ipv4,31,0,0
1.71406E+12,179,widgets/favicon.ico-39,200,OK,Thread Group 1-6,text,TRUE,,1939,583,6,6,https://demoqa.com/favicon.ico,179,0,0
1.71406E+12,173,widgets/favicon.ico-39,200,OK,Thread Group 1-10,text,TRUE,,1939,583,6,6,https://demoqa.com/favicon.ico,172,0,0
1.71406E+12,170,widgets/images/zero-step.jpeg-43,200,OK,Thread Group 1-3,bin,TRUE,,11645,600,6,6,https://demoqa.com/images/zero-step.jpeg,170,0,0
1.71406E+12,171,widgets/favicon.ico-38,200,OK,Thread Group 1-8,text,TRUE,,1939,588,6,6,https://demoqa.com/favicon.ico,171,0,0
1.71406E+12,176,widgets/favicon.ico-44,200,OK,Thread Group 1-3,text,TRUE,,1939,596,6,6,https://demoqa.com/favicon.ico,175,0,0
1.71406E+12,187,widgets/images/Toolsqa.jpg-41,200,OK,Thread Group 1-8,bin,TRUE,,7545,590,6,6,https://demoqa.com/images/Toolsqa.jpg,187,0,0
1.71406E+12,1210,forms/images/WB.svg-31,200,OK,Thread Group 1-7,text,TRUE,,477335,585,6,6,https://demoqa.com/images/WB.svg,343,0,0
1.71406E+12,174,widgets/favicon.ico-45,200,OK,Thread Group 1-3,text,TRUE,,1939,595,6,6,https://demoqa.com/favicon.ico,174,0,0
1.71406E+12,1140,widgets/images/WB.svg-40,200,OK,Thread Group 1-6,text,TRUE,,477335,585,6,6,https://demoqa.com/images/WB.svg,346,0,0
1.71406E+12,261,forms/favicon.ico-32,200,OK,Thread Group 1-7,text,TRUE,,1939,583,6,6,https://demoqa.com/favicon.ico,260,0,0
1.71406E+12,124,Credentials admin admin@123 ,200,,Thread Group 1-3,text,FALSE,"The result was the wrong size: It was 0 bytes, but should have been greater or equal to 500 bytes.",0,0,6,6,null,0,0,0
1.71406E+12,234,widgets/favicon.ico-42,200,OK,Thread Group 1-6,text,TRUE,,1939,590,5,5,https://demoqa.com/favicon.ico,234,0,0
1.71406E+12,821,widgets/favicon.ico-39,200,OK,Thread Group 1-8,text,TRUE,,1939,583,5,5,https://demoqa.com/favicon.ico,821,0,0
1.71406E+12,1546,widgets/images/WB.svg-40,200,OK,Thread Group 1-10,text,TRUE,,477335,585,5,5,https://demoqa.com/images/WB.svg,342,0,0
1.71406E+12,246,forms/images/gplaypattern.jpg-33,200,OK,Thread Group 1-7,bin,TRUE,,4543,603,5,5,https://demoqa.com/images/gplaypattern.jpg,246,0,0
1.71406E+12,178,widgets/images/zero-step.jpeg-43,200,OK,Thread Group 1-6,bin,TRUE,,11645,600,5,5,https://demoqa.com/images/zero-step.jpeg,178,0,0
1.71406E+12,232,widgets/favicon.ico-42,200,OK,Thread Group 1-10,text,TRUE,,1939,590,5,5,https://demoqa.com/favicon.ico,232,0,0
1.71406E+12,2684,widgets/images/WB.svg-40,200,OK,Thread Group 1-5,text,TRUE,,477335,585,5,5,https://demoqa.com/images/WB.svg,337,0,0
1.71406E+12,183,forms/favicon.ico-34,200,OK,Thread Group 1-7,text,TRUE,,1939,588,5,5,https://demoqa.com/favicon.ico,183,0,0
1.71406E+12,174,widgets/favicon.ico-44,200,OK,Thread Group 1-6,text,TRUE,,1939,596,5,5,https://demoqa.com/favicon.ico,174,0,0
1.71406E+12,178,widgets/images/zero-step.jpeg-43,200,OK,Thread Group 1-10,bin,TRUE,,11645,600,5,5,https://demoqa.com/images/zero-step.jpeg,178,0,0
1.71406E+12,170,widgets/favicon.ico-42,200,OK,Thread Group 1-5,text,TRUE,,1939,590,5,5,https://demoqa.com/favicon.ico,169,0,0
1.71406E+12,170,forms/images/Toolsqa.jpg-35,200,OK,Thread Group 1-7,bin,TRUE,,7545,595,5,5,https://demoqa.com/images/Toolsqa.jpg,170,0,0
1.71406E+12,174,widgets/favicon.ico-45,200,OK,Thread Group 1-6,text,TRUE,,1939,595,5,5,https://demoqa.com/favicon.ico,174,0,0
1.71406E+12,175,widgets/favicon.ico-44,200,OK,Thread Group 1-10,text,TRUE,,1939,596,5,5,https://demoqa.com/favicon.ico,175,0,0
1.71406E+12,171,widgets/images/zero-step.jpeg-43,200,OK,Thread Group 1-5,bin,TRUE,,11645,600,5,5,https://demoqa.com/images/zero-step.jpeg,171,0,0
1.71406E+12,175,forms/images/zero-step.jpeg-36,200,OK,Thread Group 1-7,bin,TRUE,,11645,598,5,5,https://demoqa.com/images/zero-step.jpeg,175,0,0
1.71406E+12,249,Credentials user1 user1pswd ,200,,Thread Group 1-6,text,FALSE,"The result was the wrong size: It was 0 bytes, but should have been greater or equal to 500 bytes.",0,0,5,5,null,0,0,0
1.71406E+12,184,widgets/favicon.ico-45,200,OK,Thread Group 1-10,text,TRUE,,1939,595,4,4,https://demoqa.com/favicon.ico,184,0,0
1.71406E+12,178,widgets/favicon.ico-44,200,OK,Thread Group 1-5,text,TRUE,,1939,596,4,4,https://demoqa.com/favicon.ico,177,0,0
1.71406E+12,175,forms/favicon.ico-37,200,OK,Thread Group 1-7,text,TRUE,,1939,607,4,4,https://demoqa.com/favicon.ico,175,0,0
1.71406E+12,32,forms/canonical.html-46,200,OK,Thread Group 1-7,text,FALSE,"The result was the wrong size: It was 298 bytes, but should have been greater or equal to 500 bytes.",298,303,4,4,http://detectportal.firefox.com/canonical.html,32,0,16
1.71406E+12,170,Credentials username password  ,200,,Thread Group 1-10,text,FALSE,"The result was the wrong size: It was 0 bytes, but should have been greater or equal to 500 bytes.",0,0,4,4,null,0,0,0
1.71406E+12,177,widgets/favicon.ico-45,200,OK,Thread Group 1-5,text,TRUE,,1939,595,3,3,https://demoqa.com/favicon.ico,177,0,0
1.71406E+12,19,forms/success.txt-48,200,OK,Thread Group 1-7,text,FALSE,"The result was the wrong size: It was 216 bytes, but should have been greater or equal to 500 bytes.",216,305,3,3,http://detectportal.firefox.com/success.txt?ipv6,19,0,0
1.71406E+12,184,Credentials admin admin@123 ,200,,Thread Group 1-5,text,FALSE,"The result was the wrong size: It was 0 bytes, but should have been greater or equal to 500 bytes.",0,0,3,3,null,0,0,0
1.71406E+12,21,forms/success.txt-47,200,OK,Thread Group 1-7,text,FALSE,"The result was the wrong size: It was 216 bytes, but should have been greater or equal to 500 bytes.",216,305,2,2,http://detectportal.firefox.com/success.txt?ipv4,21,0,0
1.71406E+12,834,forms/-49,400,Bad Request,Thread Group 1-7,text,FALSE,"The result was the wrong size: It was 200 bytes, but should have been greater or equal to 500 bytes.",200,478,2,2,http://r3.o.lencr.org/,833,0,21
1.71406E+12,4398,widgets/images/WB.svg-40,200,OK,Thread Group 1-8,text,TRUE,,477335,585,2,2,https://demoqa.com/images/WB.svg,339,0,0
1.71406E+12,17,forms/canonical.html-50,200,OK,Thread Group 1-7,text,FALSE,"The result was the wrong size: It was 298 bytes, but should have been greater or equal to 500 bytes.",298,303,2,2,http://detectportal.firefox.com/canonical.html,17,0,0
1.71406E+12,173,widgets/favicon.ico-42,200,OK,Thread Group 1-8,text,TRUE,,1939,590,2,2,https://demoqa.com/favicon.ico,173,0,0
1.71406E+12,16,forms/success.txt-52,200,OK,Thread Group 1-7,text,FALSE,"The result was the wrong size: It was 216 bytes, but should have been greater or equal to 500 bytes.",216,305,2,2,http://detectportal.firefox.com/success.txt?ipv6,16,0,0
1.71406E+12,20,forms/success.txt-51,200,OK,Thread Group 1-7,text,FALSE,"The result was the wrong size: It was 216 bytes, but should have been greater or equal to 500 bytes.",216,305,2,2,http://detectportal.firefox.com/success.txt?ipv4,20,0,0
1.71406E+12,173,widgets/images/zero-step.jpeg-43,200,OK,Thread Group 1-8,bin,TRUE,,11645,600,2,2,https://demoqa.com/images/zero-step.jpeg,173,0,0
1.71406E+12,169,widgets/favicon.ico-38,200,OK,Thread Group 1-7,text,TRUE,,1939,588,2,2,https://demoqa.com/favicon.ico,169,0,0
1.71406E+12,170,widgets/favicon.ico-44,200,OK,Thread Group 1-8,text,TRUE,,1939,596,2,2,https://demoqa.com/favicon.ico,170,0,0
1.71406E+12,237,widgets/images/Toolsqa.jpg-41,200,OK,Thread Group 1-7,bin,TRUE,,7545,590,2,2,https://demoqa.com/images/Toolsqa.jpg,237,0,0
1.71406E+12,171,widgets/favicon.ico-45,200,OK,Thread Group 1-8,text,TRUE,,1939,595,2,2,https://demoqa.com/favicon.ico,171,0,0
1.71406E+12,137,Credentials user1 user1pswd ,200,,Thread Group 1-8,text,FALSE,"The result was the wrong size: It was 0 bytes, but should have been greater or equal to 500 bytes.",0,0,2,2,null,0,0,0
1.71406E+12,249,widgets/favicon.ico-39,200,OK,Thread Group 1-7,text,TRUE,,1939,583,1,1,https://demoqa.com/favicon.ico,249,0,0
1.71406E+12,1082,widgets/images/WB.svg-40,200,OK,Thread Group 1-7,text,TRUE,,477335,585,1,1,https://demoqa.com/images/WB.svg,339,0,0
1.71406E+12,235,widgets/favicon.ico-42,200,OK,Thread Group 1-7,text,TRUE,,1939,590,1,1,https://demoqa.com/favicon.ico,235,0,0
1.71406E+12,169,widgets/images/zero-step.jpeg-43,200,OK,Thread Group 1-7,bin,TRUE,,11645,600,1,1,https://demoqa.com/images/zero-step.jpeg,169,0,0
1.71406E+12,171,widgets/favicon.ico-44,200,OK,Thread Group 1-7,text,TRUE,,1939,596,1,1,https://demoqa.com/favicon.ico,171,0,0
1.71406E+12,171,widgets/favicon.ico-45,200,OK,Thread Group 1-7,text,TRUE,,1939,595,1,1,https://demoqa.com/favicon.ico,171,0,0
1.71406E+12,140,Credentials username password  ,200,,Thread Group 1-7,text,FALSE,"The result was the wrong size: It was 0 bytes, but should have been greater or equal to 500 bytes.",0,0,1,1,null,0,0,0
